US,source_a,source_c,source_b,source_d,source_e,source_m,source_o,source_h,source_r,source_s,source_t,source_u,source_p,source_x,source_w,Freq,last_update_days_ago,1st_update_days_ago,Web order,Gender=male,Address_is_res,Spending
1,0,0,1,0,0,0,0,0,0,0,0,0,0,0,0,2,3662,3662,1,0,1,127.87
1,0,0,0,0,0,0,0,0,0,0,1,0,0,0,0,2,3883,3914,0,0,0,127.48
1,1,0,0,0,0,0,0,0,0,0,0,0,0,0,0,4,525,2914,1,1,0,488.5
1,1,0,0,0,0,0,0,0,0,0,0,0,0,0,0,1,3215,3215,0,0,0,173.5
1,1,0,0,0,0,0,0,0,0,0,0,0,0,0,0,5,2081,2438,0,1,0,1416
0,0,0,0,0,0,0,0,0,0,0,0,0,0,0,1,1,1465,1465,0,0,1,192
1,0,0,0,0,1,0,0,0,0,0,0,0,0,0,0,2,1879,1914,1,1,1,129.56
1,0,0,0,0,0,0,0,0,1,0,0,0,0,0,0,2,2943,2984,1,0,0,386
1,0,0,0,0,0,0,0,0,1,0,0,0,0,0,0,2,1928,1983,0,1,0,160.55
1,0,0,0,0,0,0,0,0,0,0,0,0,0,0,1,2,1463,1486,0,0,1,174.06
1,0,0,1,0,0,0,0,0,0,0,0,0,0,0,0,3,3613,3655,1,1,0,131.08
1,0,0,0,0,0,0,0,0,0,1,0,0,0,0,0,1,2460,2732,1,0,0,188.9
1,0,0,0,0,0,0,0,0,0,0,0,1,0,0,0,1,3299,3299,0,0,0,90
1,0,0,0,0,0,0,0,0,0,1,0,0,0,0,0,2,3744,3745,0,1,0,354.2
0,0,0,0,0,1,0,0,0,0,0,0,0,0,0,0,2,2947,3171,1,0,0,352
1,0,0,0,0,0,0,0,0,0,0,0,1,0,0,0,2,2478,3103,0,1,0,184.5
1,1,0,0,0,0,0,0,0,0,0,0,0,0,0,0,2,3698,3698,0,1,0,33.62
1,0,0,0,1,0,0,0,0,0,0,0,0,0,0,0,2,1318,2310,0,1,1,160.56
1,0,0,0,0,0,0,0,0,1,0,0,0,0,0,0,9,868,3138,1,0,1,638.74
1,0,0,0,0,0,0,0,0,1,0,0,0,0,0,0,2,2752,3914,0,1,0,638
1,1,0,0,0,0,0,0,0,0,0,0,0,0,0,0,1,3338,3338,0,1,1,159
1,0,0,0,0,0,0,0,0,0,0,0,1,0,0,0,2,1786,1822,0,0,0,40.55
1,1,0,0,0,0,0,0,0,0,0,0,0,0,0,0,2,2226,2899,0,1,0,232
1,1,0,0,0,0,0,0,0,0,0,0,0,0,0,0,8,106,3573,1,0,0,1029.86
1,0,0,0,0,0,0,0,0,0,0,0,1,0,0,0,1,1170,1170,1,1,0,375
1,0,0,0,0,1,0,0,0,0,0,0,0,0,0,0,5,1856,2424,0,0,1,361.56
0,0,0,0,0,1,0,0,0,0,0,0,0,0,0,0,1,2212,2212,0,0,0,95
1,0,0,0,0,0,0,0,0,0,0,0,1,0,0,0,2,3338,4127,0,1,0,108.74
1,0,0,1,0,0,0,0,0,0,0,0,0,0,0,0,3,2957,3278,1,1,0,135.58
1,0,0,0,0,0,0,0,0,0,0,0,1,0,0,0,3,2908,3544,0,1,0,260.57
1,0,0,0,0,0,0,0,0,0,0,0,0,0,0,1,1,906,906,1,1,0,43
1,0,0,0,0,1,0,0,0,0,0,0,0,0,0,0,6,1408,3746,0,1,1,388.63
1,0,0,0,0,1,0,0,0,0,0,0,0,0,0,0,3,1835,2926,1,0,0,79.52
1,1,0,0,0,0,0,0,0,0,0,0,0,0,0,0,4,479,2107,1,1,0,394.45
1,0,0,0,0,0,0,0,0,0,1,0,0,0,0,0,6,1470,3242,0,1,0,587.8
1,0,0,0,0,0,0,0,0,0,1,0,0,0,0,0,1,3716,3716,0,0,1,297.85
0,1,0,0,0,0,0,0,0,0,0,0,0,0,0,0,1,3125,3125,1,1,0,159.5
1,0,0,0,0,1,0,0,0,0,0,0,0,0,0,0,2,541,2862,1,1,1,49.5
1,0,0,0,0,0,0,0,0,1,0,0,0,0,0,0,1,2859,2859,1,0,0,160.5
1,1,0,0,0,0,0,0,0,0,0,0,0,0,0,0,1,2508,2508,0,1,0,233.45
1,0,0,0,0,0,0,0,0,0,0,0,1,0,0,0,1,2862,2906,0,0,0,128.8
1,1,0,0,0,0,0,0,0,0,0,0,0,0,0,0,2,3698,3698,1,0,0,97.94
1,0,0,1,0,0,0,0,0,0,0,0,0,0,0,0,2,2962,3243,1,0,0,132.35
1,0,0,0,0,0,0,0,0,0,0,0,0,0,0,1,2,841,1162,1,0,1,157.56
0,0,0,0,0,0,0,0,0,0,0,0,1,0,0,0,2,458,3944,1,0,0,248
1,0,0,0,0,0,0,0,0,0,0,0,0,0,0,1,1,1269,1269,1,0,0,276.5
1,0,0,0,0,1,0,0,0,0,0,0,0,0,0,0,1,2102,2102,1,1,0,53.5
1,0,0,0,0,0,0,0,0,0,0,0,1,0,0,0,1,2548,2548,1,0,0,229.5
1,0,0,0,0,1,0,0,0,0,0,0,0,0,0,0,3,822,1850,1,0,1,286.51
1,0,0,0,0,0,0,0,0,0,0,0,1,0,0,0,1,1112,1112,0,1,0,163.5
0,0,0,0,0,0,0,0,0,0,0,0,1,0,0,0,1,2807,2807,1,0,0,405
1,0,0,0,0,0,0,0,0,0,0,0,1,0,0,0,1,2907,2907,0,1,0,159.5
1,0,0,0,0,0,0,0,0,0,1,0,0,0,0,0,1,3724,3724,0,1,0,305
0,1,0,0,0,0,0,0,0,0,0,0,0,0,0,0,3,3791,3852,1,1,1,533.89
0,1,0,0,0,0,0,0,0,0,0,0,0,0,0,0,1,4005,4005,1,1,0,105
1,0,0,0,0,0,0,0,0,0,0,0,0,0,0,1,1,1130,1130,1,1,0,78.5
1,0,0,0,0,0,0,0,0,0,0,0,1,0,0,0,6,1128,3791,1,0,1,403.61
0,0,0,0,0,0,0,0,0,0,0,0,0,0,0,1,2,1529,1577,0,1,0,186
1,0,1,0,0,0,0,0,0,0,0,0,0,0,0,0,1,2404,2404,0,0,0,113.5
1,0,0,0,0,0,0,0,0,1,0,0,0,0,0,0,1,667,667,0,1,0,324.45
1,1,0,0,0,0,0,0,0,0,0,0,0,0,0,0,1,4157,4157,1,1,0,69
1,0,0,0,0,0,0,0,0,0,0,0,0,0,0,0,2,3436,3517,1,1,0,224.66
1,1,0,0,0,0,0,0,0,0,0,0,0,0,0,0,1,1154,1154,0,0,1,204.5
1,0,1,0,0,0,0,0,0,0,0,0,0,0,0,0,1,1863,1863,0,1,1,166.5
1,0,0,0,0,0,0,0,0,0,0,0,1,0,0,0,1,1302,1302,1,1,0,66.9
1,0,0,0,0,0,0,0,0,0,0,0,1,0,0,0,2,785,814,1,0,0,206
1,1,0,0,0,0,0,0,0,0,0,0,0,0,0,0,1,3883,3883,0,1,0,67.48
1,0,0,0,0,0,0,1,0,0,0,0,0,0,0,0,1,2960,3746,0,1,1,119.5
1,0,0,0,0,0,0,0,0,0,0,0,0,0,0,0,5,617,3548,0,0,0,356.29
1,0,0,1,0,0,0,0,0,0,0,0,0,0,0,0,1,3009,3009,0,0,1,128.5
1,1,0,0,0,0,0,0,0,0,0,0,0,0,0,0,4,1121,4065,1,1,0,420.18
1,0,0,0,0,0,0,0,0,0,0,0,1,0,0,0,1,2648,2648,1,1,0,129.5
1,0,0,0,0,0,0,0,0,0,0,0,1,0,0,0,3,1240,4157,1,1,1,140.9
1,0,0,0,0,0,0,0,0,0,0,0,1,0,0,0,1,2960,3213,1,1,0,128.52
1,0,0,0,0,0,0,0,0,0,0,0,1,0,0,0,1,1109,1109,0,0,0,20.5
1,1,0,0,0,0,0,0,0,0,0,0,0,0,0,0,5,2268,3791,0,0,0,605.43
1,0,0,0,0,0,0,0,0,0,0,0,0,0,0,1,1,1147,1147,1,0,0,163.5
1,1,0,0,0,0,0,0,0,0,0,0,0,0,0,0,2,2425,3914,0,0,0,129.5
1,1,0,0,0,0,0,0,0,0,0,0,0,0,0,0,1,2296,2296,0,0,0,160.5
1,0,0,0,0,0,0,0,0,1,0,0,0,0,0,0,2,1016,1030,1,0,0,451
1,0,0,0,0,0,0,0,0,0,0,0,0,0,0,1,3,1242,1394,1,1,1,432
1,1,0,0,0,0,0,0,0,0,0,0,0,0,0,0,2,3074,3145,1,0,0,162.97
1,1,0,0,0,0,0,0,0,0,0,0,0,0,0,0,3,2024,2369,0,1,0,547.35
1,0,0,0,0,0,0,0,0,0,0,0,1,0,0,0,1,2632,2632,1,0,0,139.5
0,0,0,0,0,0,0,0,0,0,0,0,1,0,0,0,2,3543,3556,0,0,0,129.07
1,0,0,0,0,0,0,0,0,0,0,0,0,0,0,1,1,169,169,1,1,0,163
1,1,0,0,0,0,0,0,0,0,0,0,0,0,0,0,3,3662,3704,0,1,1,309.84
1,0,0,0,0,0,0,0,0,0,0,0,0,0,0,1,2,582,1584,1,1,0,325.5
1,0,0,0,0,0,0,0,0,0,0,0,0,0,0,1,2,969,974,0,0,1,43.06
0,0,0,0,0,0,0,0,0,0,0,0,0,0,0,1,1,364,364,1,0,0,249
1,0,0,0,0,1,0,0,0,0,0,0,0,0,0,0,1,1890,1890,1,0,0,77.45
1,0,0,0,0,0,0,0,0,0,0,1,0,0,0,0,1,3944,3944,1,1,0,67.9
1,0,0,0,1,0,0,0,0,0,0,0,0,0,0,0,3,2347,3276,0,0,0,219.07
1,1,0,0,0,0,0,0,0,0,0,0,0,0,0,0,2,3772,3822,1,0,0,149.09
0,0,0,0,0,0,0,0,0,0,0,0,1,0,0,0,2,3583,3622,1,0,0,140.07
1,0,0,0,0,0,0,0,0,0,0,0,1,0,0,0,1,2960,3188,0,1,1,128.5
1,1,0,0,0,0,0,0,0,0,0,0,0,0,0,0,1,1598,1598,1,1,0,39.5
1,0,0,0,0,1,0,0,0,0,0,0,0,0,0,0,3,1689,1800,0,0,1,108.24
1,0,0,0,0,0,0,0,0,1,0,0,0,0,0,0,1,2675,2675,0,1,0,29.5
1,0,0,0,0,0,0,0,0,1,0,0,0,0,0,0,4,1989,3255,0,1,0,129.69
1,0,0,0,0,0,0,0,0,0,0,0,1,0,0,0,1,1569,1569,1,1,0,31.5
1,0,0,0,0,0,0,0,0,0,0,0,1,0,0,0,1,1906,3521,1,0,0,50
1,0,0,0,0,1,0,0,0,0,0,0,0,0,0,0,1,2408,2408,1,0,0,53.5
1,0,0,0,0,1,0,0,0,0,0,0,0,0,0,0,2,1864,2487,0,1,0,242.95
1,1,0,0,0,0,0,0,0,0,0,0,0,0,0,0,1,2947,2947,0,0,0,79.5
0,0,0,0,0,1,0,0,0,0,0,0,0,0,0,0,2,2723,2842,1,1,0,236.95
1,0,0,0,0,0,0,0,0,0,0,0,0,1,0,0,3,2466,4036,1,1,0,145.03
1,0,0,0,0,1,0,0,0,0,0,0,0,0,0,0,3,2024,2068,1,1,0,437
1,0,0,0,0,1,0,0,0,0,0,0,0,0,0,0,2,2080,2114,1,1,1,34.56
1,0,0,0,0,0,0,0,0,1,0,0,0,0,0,0,1,583,594,0,0,0,412
1,0,0,0,0,0,0,0,0,0,0,0,1,0,0,0,1,50,50,1,1,0,25
1,0,0,0,1,0,0,0,0,0,0,0,0,0,0,0,1,3270,3270,1,0,0,152.52
0,0,0,0,0,0,0,0,0,0,0,0,0,0,0,1,1,1926,1926,0,1,0,62
1,0,0,0,0,0,0,0,0,0,0,0,1,0,0,0,1,1567,1567,1,0,0,31.5
1,1,0,0,0,0,0,0,0,0,0,0,0,0,0,0,2,2404,4036,1,0,0,187.35
1,0,0,0,0,0,0,0,0,0,0,0,0,0,0,1,1,906,906,0,0,0,80
1,0,0,0,0,0,0,0,0,0,0,0,0,0,0,1,2,1577,1589,1,0,0,276.5
1,0,0,0,0,1,0,0,0,0,0,0,0,0,0,0,2,1037,1899,0,1,0,277.5
0,0,0,0,0,1,0,0,0,0,0,0,0,0,0,0,4,511,1815,1,0,0,268.06
1,0,0,0,0,0,0,0,0,0,0,0,1,0,0,0,3,191,2024,1,1,0,363.07
1,0,0,0,0,0,0,0,0,1,0,0,0,0,0,0,1,182,182,1,1,0,1075
1,0,0,0,0,1,0,0,0,0,0,0,0,0,0,0,2,2201,2558,0,0,0,164
1,0,0,0,0,0,0,0,0,0,0,0,1,0,0,0,1,3236,3236,1,1,0,128.21
0,0,0,0,0,0,0,0,0,0,0,0,0,0,0,1,2,583,1060,1,0,0,69
1,0,0,0,0,0,0,0,0,0,0,0,1,0,0,0,1,2081,2081,1,0,1,129.5
0,0,0,0,0,0,0,0,0,0,0,0,0,0,0,1,1,2541,2541,0,0,0,174
1,1,0,0,0,0,0,0,0,0,0,0,0,0,0,0,3,2205,3390,0,0,0,36.32
1,1,0,0,0,0,0,0,0,0,0,0,0,0,0,0,1,2996,2996,1,0,0,183.5
0,0,0,0,0,1,0,0,0,0,0,0,0,0,0,0,1,1701,1701,0,0,0,110
1,0,0,0,0,0,0,0,0,0,0,0,1,0,0,0,1,3883,3883,1,1,0,33
1,0,0,0,0,1,0,0,0,0,0,0,0,0,0,0,2,2802,2834,1,0,0,129.57
1,0,0,0,0,0,0,0,0,0,0,1,0,0,0,0,1,1946,1946,1,0,0,129.5
1,0,0,0,0,1,0,0,0,0,0,0,0,0,0,0,1,2562,2562,1,1,0,34.5
1,0,0,0,0,0,0,0,0,0,0,0,1,0,0,0,1,2705,2705,0,1,0,129.5
1,1,0,0,0,0,0,0,0,0,0,0,0,0,0,0,1,2333,2333,1,1,1,160.5
1,0,0,0,0,0,0,0,0,0,0,0,1,0,0,0,2,2933,2936,1,1,0,54.29
1,0,0,0,0,0,0,0,0,0,0,0,0,0,0,1,1,290,290,1,1,0,163
0,0,0,0,0,0,0,0,0,0,0,0,1,0,0,0,1,772,772,0,0,0,80
1,0,0,0,0,1,0,0,0,0,0,0,0,0,0,0,2,2194,2506,0,0,1,160.56
0,0,0,0,0,1,0,0,0,0,0,0,0,0,0,0,2,1141,2915,0,1,0,208
1,1,0,0,0,0,0,0,0,0,0,0,0,0,0,0,1,3011,3011,0,1,0,79.5
1,1,0,0,0,0,0,0,0,0,0,0,0,0,0,0,2,2080,2109,1,0,1,34.56
1,0,0,0,0,1,0,0,0,0,0,0,0,0,0,0,1,962,2905,0,0,0,140.5
1,1,0,0,0,0,0,0,0,0,0,0,0,0,0,0,1,2648,2648,1,1,0,129.5
1,0,0,0,0,0,0,0,0,0,0,0,0,0,0,0,2,1758,2794,1,1,0,166.57
0,0,0,0,0,0,0,0,0,0,0,0,0,0,0,1,1,814,814,1,1,0,172
1,0,0,0,0,0,0,0,0,0,0,0,0,0,0,1,1,58,58,1,0,0,99
1,0,1,0,0,0,0,0,0,0,0,0,0,0,0,0,1,2960,2999,0,0,0,129.5
1,0,0,0,0,0,0,0,0,0,0,0,1,0,0,0,2,1882,3883,1,0,0,210.35
1,0,0,0,0,1,0,0,0,0,0,0,0,0,0,0,2,2163,2228,0,0,0,107
0,0,0,0,0,0,0,0,0,0,0,0,0,0,0,1,1,1683,1683,0,0,0,84.95
1,0,0,0,0,0,0,0,0,0,0,0,1,0,0,0,6,800,2640,1,1,0,1294
1,0,0,0,0,0,0,0,0,0,0,0,0,0,0,1,2,304,311,1,0,0,303
1,0,0,1,0,0,0,0,0,0,0,0,0,0,0,0,4,1134,3566,1,0,0,270.71
1,0,0,0,0,0,0,0,0,0,0,0,0,0,0,1,1,1361,1361,0,0,0,1250
1,0,0,0,0,0,1,0,0,0,0,0,0,0,0,0,2,1204,1262,0,0,0,80.57
1,0,0,0,0,0,0,0,0,0,0,0,1,0,0,0,1,4065,4065,0,0,0,32.14
1,0,0,0,0,0,0,0,0,0,0,0,1,0,0,0,1,107,107,1,1,0,129
0,0,0,0,0,1,0,0,0,0,0,0,0,0,0,0,2,2009,2065,0,1,0,162.55
0,0,0,0,0,0,0,0,0,0,0,0,1,0,0,0,3,1086,2710,0,1,1,135.06
1,0,0,0,0,1,0,0,0,0,0,0,0,0,0,0,4,1879,1953,0,0,0,164.12
1,0,0,0,0,0,0,0,0,0,1,0,0,0,0,0,2,1786,1835,1,0,0,95.05
1,0,0,0,0,0,0,0,0,0,0,0,1,0,0,0,4,1129,2348,0,0,0,279.5
1,0,0,0,0,0,0,0,0,1,0,0,0,0,0,0,2,1899,2233,0,0,1,165.99
1,0,0,0,0,0,0,0,0,0,0,0,0,0,1,0,1,1162,1162,1,0,1,163.5
1,0,0,0,0,1,0,0,0,0,0,0,0,0,0,0,1,2478,2478,0,0,0,135.5
1,0,0,0,0,0,0,0,0,0,0,0,0,0,0,1,1,7,7,0,1,0,129
0,0,0,0,0,0,0,0,0,0,0,0,0,0,0,1,2,1130,1147,0,0,0,308.95
1,0,0,0,0,1,0,0,0,0,0,0,0,0,0,0,2,2891,3166,1,0,1,143.07
1,0,0,0,0,0,0,0,0,0,0,1,0,0,0,0,1,2599,2599,1,0,0,129.5
1,1,0,0,0,0,0,0,0,0,0,0,0,0,0,0,2,1120,3122,1,1,0,199.57
0,0,0,0,0,0,0,0,0,0,0,0,1,0,0,0,3,283,640,0,0,0,405
1,0,0,0,1,0,0,0,0,0,0,0,0,0,0,0,1,3025,3025,1,0,0,152.52
1,0,0,0,1,0,0,0,0,0,0,0,0,0,0,0,2,1175,2299,0,0,0,43.57
1,0,1,0,0,0,0,0,0,0,0,0,0,0,0,0,2,3791,3791,1,1,0,87.55
0,0,1,0,0,0,0,0,0,0,0,0,0,0,0,0,1,2767,2767,1,0,0,124
1,0,0,0,0,1,0,0,0,0,0,0,0,0,0,0,1,1690,1690,0,0,0,89.5
1,0,0,0,0,0,0,0,0,0,0,0,0,0,0,1,1,1666,1666,0,0,0,164.75
0,0,0,0,0,0,0,0,0,0,0,0,0,1,0,0,1,2793,2793,1,0,0,169.95
1,0,0,0,0,0,0,0,0,0,0,0,0,0,0,1,1,1290,1290,0,0,0,112.4
0,0,0,0,0,1,0,0,0,0,0,0,0,0,0,0,1,1626,1626,0,0,0,164.95
1,0,0,0,0,0,0,0,0,0,0,0,1,0,0,0,1,1968,1968,1,0,0,255
1,0,0,0,0,0,0,1,0,0,0,0,0,0,0,0,1,2305,3745,1,0,0,59.5
1,0,0,0,0,1,0,0,0,0,0,0,0,0,0,0,4,526,1779,1,0,1,426.5
1,1,0,0,0,0,0,0,0,0,0,0,0,0,0,0,1,1991,1991,0,1,0,260.5
0,0,0,0,0,0,0,0,0,0,0,0,0,0,0,0,1,408,2604,0,0,1,188
1,1,0,0,0,0,0,0,0,0,0,0,0,0,0,0,1,2102,2102,1,1,0,160.5
1,0,0,0,0,0,0,0,0,0,0,0,0,1,0,0,4,2100,3944,0,1,0,204.43
0,0,0,0,0,0,0,0,0,0,0,0,1,0,0,0,3,3398,3522,1,0,0,192.07
0,1,0,0,0,0,0,0,0,0,0,0,0,0,0,0,2,3479,3975,0,0,1,189.45
1,0,0,0,0,0,0,0,0,0,0,0,0,1,0,0,2,520,1008,1,1,0,211.5
1,0,0,0,0,0,0,0,0,1,0,0,0,0,0,0,2,2194,2241,0,1,1,29.56
1,0,0,0,0,0,0,0,1,0,0,0,0,0,0,0,2,1582,1603,1,0,1,3.45
1,0,0,0,0,0,0,0,0,0,0,0,1,0,0,0,1,2758,2758,1,0,0,160.5
1,0,0,1,0,0,0,0,0,0,0,0,0,0,0,0,3,2481,3359,1,1,0,618.78
1,0,1,0,0,0,0,0,0,0,0,0,0,0,0,0,1,2404,2404,0,1,0,113.5
1,0,0,0,0,0,0,0,0,0,0,0,0,0,0,1,2,916,919,1,0,1,43.06
1,0,0,0,0,0,0,0,0,0,0,0,1,0,0,0,1,1864,1864,0,0,0,29.5
0,0,0,0,0,0,0,0,0,0,0,0,0,0,0,1,2,295,302,0,0,0,164
1,0,0,0,0,0,0,1,0,0,0,0,0,0,0,0,2,1128,3746,0,1,0,247.5
1,0,0,0,0,0,0,0,1,0,0,0,0,0,0,0,4,492,1792,1,1,1,139.06
1,0,0,0,0,0,0,0,0,0,1,0,0,0,0,0,1,2962,3244,1,1,0,96.02
1,1,0,0,0,0,0,0,0,0,0,0,0,0,0,0,1,4157,4157,0,1,0,97.79
1,0,0,0,0,0,1,0,0,0,0,0,0,0,0,0,1,891,891,1,1,0,80.5
1,0,1,0,0,0,0,0,0,0,0,0,0,0,0,0,3,2065,3822,0,1,0,197.45
1,0,1,0,0,0,0,0,0,0,0,0,0,0,0,0,2,2054,2404,1,1,0,25
0,0,0,0,0,0,0,0,0,0,0,0,0,1,0,0,3,1134,3464,0,0,1,314.07
0,0,0,0,0,0,0,0,1,0,0,0,0,0,0,0,3,841,2088,1,1,1,50.06
1,1,0,0,0,0,0,0,0,0,0,0,0,0,0,0,2,3655,3655,0,1,0,35.07
1,0,0,0,0,1,0,0,0,0,0,0,0,0,0,0,1,2802,2802,1,1,0,160.5
1,0,0,0,0,1,0,0,0,0,0,0,0,0,0,0,3,2016,2424,1,0,0,1353
1,0,0,0,0,1,0,0,0,0,0,0,0,0,0,0,10,430,2772,1,1,0,1184
1,0,0,0,0,0,0,0,0,0,1,0,0,0,0,0,1,3146,3146,1,0,0,10
1,0,0,0,0,0,0,0,0,1,0,0,0,0,0,0,2,1536,1709,0,1,0,1500.06
1,0,0,1,0,0,0,0,0,0,0,0,0,0,0,0,1,3248,3248,0,0,1,132.25
0,1,0,0,0,0,0,0,0,0,0,0,0,0,0,0,1,3235,3235,1,1,1,110
1,0,0,0,0,0,0,0,0,0,0,0,1,0,0,0,2,1031,3388,0,1,0,190.5
1,0,0,0,0,0,0,0,0,0,1,0,0,0,0,0,3,2201,2254,0,0,0,99.45
1,0,0,0,0,1,0,0,0,0,0,0,0,0,0,0,1,2529,2529,1,0,0,34.5
1,1,0,0,0,0,0,0,0,0,0,0,0,0,0,0,3,3129,3262,0,1,0,216.97
1,0,0,0,0,0,0,0,0,0,0,0,1,0,0,0,2,3283,3306,1,0,0,128.07
0,0,0,0,0,0,0,0,0,1,0,0,0,0,0,0,3,479,2578,0,0,0,459
1,0,0,0,0,0,0,0,0,0,0,0,0,0,0,1,1,1192,1192,1,1,0,43.5
1,0,0,0,0,0,0,0,0,0,0,0,1,0,0,0,1,314,314,0,1,0,149
0,0,0,0,0,1,0,0,0,0,0,0,0,0,0,0,2,506,1785,1,1,0,281.5
1,0,0,0,0,0,0,0,0,0,1,0,0,0,0,0,2,2072,2102,0,0,0,104.55
1,0,0,0,0,1,0,0,0,0,0,0,0,0,0,0,1,2618,2618,1,1,1,6
1,0,0,0,0,0,0,0,0,0,0,0,1,0,0,0,1,9,9,0,1,1,195.95
1,0,0,0,1,0,0,0,0,0,0,0,0,0,0,0,1,3278,3278,1,0,0,152.52
1,0,0,0,0,0,0,0,0,0,0,0,0,0,0,1,3,1529,1619,0,1,1,424.13
1,1,0,0,0,0,0,0,0,0,0,0,0,0,0,0,3,3583,4188,0,0,0,205.16
0,0,0,0,0,0,0,0,0,0,0,0,0,0,0,1,2,458,827,1,1,0,114
0,0,0,0,0,0,0,0,0,0,0,0,0,0,0,1,2,864,1248,0,1,0,163
1,0,0,0,0,0,0,0,0,0,0,1,0,0,0,0,2,3975,4157,1,1,0,170.43
1,0,0,0,0,1,0,0,0,0,0,0,0,0,0,0,2,2044,2081,1,1,1,135.56
1,0,0,0,0,1,0,0,0,0,0,0,0,0,0,0,2,1646,1708,0,1,1,83.01
1,0,1,0,0,0,0,0,0,0,0,0,0,0,0,0,1,2404,2404,0,0,0,113.5
1,0,0,0,0,0,1,0,0,0,0,0,0,0,0,0,1,906,906,1,0,1,140.5
1,0,0,0,0,0,0,0,0,0,0,0,1,0,0,0,2,1498,1536,1,0,1,39.56
0,0,0,0,0,0,0,0,0,1,0,0,0,0,0,0,2,2744,2758,1,0,0,85.57
1,0,0,0,0,0,0,0,0,1,0,0,0,0,0,0,3,1842,2737,1,1,1,169.06
1,0,0,0,0,1,0,0,0,0,0,0,0,0,0,0,2,247,2361,0,0,0,323.5
1,0,0,0,0,0,0,0,0,0,0,0,0,0,0,1,1,758,758,0,1,0,83
1,0,0,0,1,0,0,0,0,0,0,0,0,0,0,0,4,1122,3791,0,0,0,274.28
0,1,0,0,0,0,0,0,0,0,0,0,0,0,0,0,3,1137,3125,0,0,1,287
0,0,0,0,0,1,0,0,0,0,0,0,0,0,0,0,4,1794,2291,1,1,1,258.96
1,0,1,0,0,0,0,0,0,0,0,0,0,0,0,0,1,3125,3125,1,0,0,102.67
1,0,1,0,0,0,0,0,0,0,0,0,0,0,0,0,2,216,3125,1,0,0,133.5
1,1,0,0,0,0,0,0,0,0,0,0,0,0,0,0,4,1498,2831,0,1,1,209.34
1,0,0,0,1,0,0,0,0,0,0,0,0,0,0,0,3,1739,3278,0,1,0,226.07
1,0,0,0,0,1,0,0,0,0,0,0,0,0,0,0,2,1130,1779,0,0,0,252
0,0,0,0,0,0,0,0,0,0,0,0,0,0,0,1,1,1612,1612,0,0,0,42.5
1,1,0,0,0,0,0,0,0,0,0,0,0,0,0,0,3,1568,2935,1,0,0,343.5
1,1,0,0,0,0,0,0,0,0,0,0,0,0,0,0,1,2102,2102,1,1,0,53.5
1,0,0,0,0,0,0,0,0,0,0,0,0,0,0,1,1,535,535,0,1,1,149
1,0,0,0,0,0,0,0,0,0,0,0,1,0,0,0,1,486,486,0,1,0,29.5
1,1,0,0,0,0,0,0,0,0,0,0,0,0,0,0,1,3262,3262,1,1,0,157.95
1,0,0,0,0,1,0,0,0,0,0,0,0,0,0,0,1,2249,2249,0,0,0,54.46
0,0,0,0,0,0,0,0,0,0,0,0,1,0,0,0,3,2647,3689,0,1,0,1255
1,1,0,0,0,0,0,0,0,0,0,0,0,0,0,0,2,3593,3593,0,1,0,97.6
1,0,0,0,0,1,0,0,0,0,0,0,0,0,0,0,1,1890,2361,0,0,0,84.5
0,0,0,0,0,0,0,0,0,0,0,0,1,0,0,0,1,4188,4188,1,1,0,136.95
1,0,0,0,0,0,0,0,0,0,0,0,1,0,0,0,1,2772,2772,1,0,0,135
1,0,0,0,0,0,0,0,0,0,0,0,1,0,0,0,2,1261,2137,0,0,0,43.5
1,0,0,0,0,0,1,0,0,0,0,0,0,0,0,0,1,827,827,1,1,0,163
1,0,0,0,0,0,0,0,0,0,0,0,0,1,0,0,2,3590,4005,1,0,0,116.29
1,1,0,0,0,0,0,0,0,0,0,0,0,0,0,0,2,1120,3157,1,0,1,172.1
1,0,0,0,0,0,0,1,0,0,0,0,0,0,0,0,3,1570,3746,1,0,0,104
1,0,0,0,0,0,0,0,0,0,0,0,1,0,0,0,1,2977,2978,0,0,0,69.5
0,0,0,0,0,0,0,0,0,0,0,0,0,0,0,1,2,458,583,1,0,0,271
1,1,0,0,0,0,0,0,0,0,0,0,0,0,0,0,1,2991,2991,1,0,1,183.5
1,1,0,0,0,0,0,0,0,0,0,0,0,0,0,0,1,2102,2102,1,0,0,160.5
1,1,0,0,0,0,0,0,0,0,0,0,0,0,0,0,1,2999,2999,1,0,0,33.5
1,0,0,0,0,0,0,0,0,0,0,0,1,0,0,0,3,463,2432,1,1,0,321.5
1,0,0,0,0,0,0,0,1,0,0,0,0,0,0,0,3,301,1036,0,0,0,1249
1,0,0,0,0,0,0,0,0,0,0,0,0,0,0,1,1,308,308,0,1,0,40
1,1,0,0,0,0,0,0,0,0,0,0,0,0,0,0,1,2415,2415,1,1,0,34.5
1,0,0,0,0,0,0,0,0,0,0,0,1,0,0,0,1,113,113,1,0,0,308
1,0,0,0,0,0,0,0,0,0,0,0,1,0,0,0,4,1653,1934,1,0,1,192.13
1,0,0,0,0,0,0,0,0,0,0,0,0,0,0,1,2,1708,1800,1,1,0,122.45
0,0,0,0,0,1,0,0,0,0,0,0,0,0,0,0,2,1976,2129,0,0,0,43.07
1,0,0,0,0,0,0,0,0,0,0,0,1,0,0,0,5,240,2900,0,0,1,587.56
1,1,0,0,0,0,0,0,0,0,0,0,0,0,0,0,4,2481,3654,1,0,0,159.57
1,1,0,0,0,0,0,0,0,0,0,0,0,0,0,0,2,2812,3944,0,0,0,182.9
1,0,0,0,0,0,0,0,0,0,0,0,1,0,0,0,3,2052,2837,0,0,0,200
1,0,0,0,0,0,0,0,0,1,0,0,0,0,0,0,2,2746,3047,1,0,1,181.62
1,0,0,0,0,0,0,0,0,0,1,0,0,0,0,0,2,2962,3244,1,1,0,95.4
1,0,0,0,0,0,0,0,0,0,0,0,1,0,0,0,1,3549,3549,1,1,0,228.82
1,1,0,0,0,0,0,0,0,0,0,0,0,0,0,0,1,3020,3020,1,0,0,128.5
1,0,0,0,0,0,0,0,0,1,0,0,0,0,0,0,3,1592,1683,1,1,1,29.69
1,0,0,0,1,0,0,0,0,0,0,0,0,0,0,0,2,3718,3718,0,0,0,97.74
1,0,0,0,0,1,0,0,0,0,0,0,0,0,0,0,2,1379,1400,0,0,1,63.06
1,0,0,0,0,0,0,0,0,0,0,0,0,0,0,1,3,148,1113,0,1,1,213.9
0,0,0,0,0,0,0,0,0,0,0,0,0,0,0,1,1,206,206,1,0,0,264
1,0,0,0,0,0,0,0,0,1,0,0,0,0,0,0,1,1792,1792,1,0,0,166.5
1,0,0,0,0,0,0,0,0,1,0,0,0,0,0,0,1,2845,2845,0,1,0,119.5
1,0,0,0,0,0,0,0,0,0,0,0,1,0,0,0,1,2607,2607,1,0,0,6
0,0,0,0,0,0,0,0,0,0,0,0,1,0,0,0,1,17,17,1,0,0,93.95
1,1,0,0,0,0,0,0,0,0,0,0,0,0,0,0,2,491,3671,1,1,1,139.07
0,0,0,0,0,0,0,0,0,0,0,1,0,0,0,0,2,3513,3529,1,1,0,219
1,0,0,0,0,0,0,0,0,0,0,0,0,0,1,0,1,1184,3376,0,1,0,43.5
0,1,0,0,0,0,0,0,0,0,0,0,0,0,0,0,2,3636,3648,1,1,0,127.92
0,0,0,0,0,0,0,0,0,0,0,0,1,0,0,0,2,1995,2009,1,0,1,242.96
0,0,0,0,0,1,0,0,0,0,0,0,0,0,0,0,1,2102,2102,1,1,0,171
1,0,0,0,0,0,0,0,0,0,0,0,1,0,0,0,1,1851,1851,1,1,0,29.5
1,0,0,0,0,0,0,0,0,0,0,0,1,0,0,0,1,3027,3027,1,0,0,95.5
1,0,0,1,0,0,0,0,0,0,0,0,0,0,0,0,3,2957,3382,0,1,0,129.57
0,0,0,0,0,0,0,0,0,0,0,0,1,0,0,0,1,2220,2220,0,1,0,171
0,0,0,0,0,0,0,0,0,0,0,0,0,0,0,1,5,519,1890,1,0,0,585
0,0,0,0,0,0,0,0,0,1,0,0,0,0,0,0,2,2142,2145,0,0,1,174.06
1,0,0,0,0,0,0,0,0,0,0,0,0,0,0,1,1,597,597,1,0,0,240
1,0,0,0,0,0,0,0,0,0,0,0,0,0,0,1,1,1168,1168,1,0,0,39.5
1,0,0,0,0,0,0,0,0,0,0,0,1,0,0,0,5,1374,3229,0,1,0,368.84
1,0,1,0,0,0,0,0,0,0,0,0,0,0,0,0,2,1995,2024,1,0,1,117.06
1,0,0,0,0,0,0,0,0,1,0,0,0,0,0,0,1,3201,3201,1,1,0,129
1,0,0,1,0,0,0,0,0,0,0,0,0,0,0,0,3,2872,3312,1,0,0,121.76
1,0,0,0,0,0,0,0,0,0,0,0,0,0,0,1,1,1795,1795,0,0,0,229.5
1,0,0,0,0,0,0,0,0,0,0,0,0,0,0,1,1,581,581,1,0,0,331
0,0,0,0,0,0,0,1,0,0,0,0,0,0,0,0,2,2459,3746,1,1,0,153
1,0,1,0,0,0,0,0,0,0,0,0,0,0,0,0,5,216,2758,1,1,1,122.62
0,0,0,0,0,0,0,0,0,0,0,0,0,0,0,1,2,2831,2887,1,1,0,170.07
1,0,0,0,0,0,0,0,0,0,0,0,1,0,0,0,1,2417,2417,1,1,0,129.5
1,0,0,0,0,0,0,0,0,0,0,0,1,0,0,0,1,3944,3944,1,1,0,127.9
1,0,0,0,0,0,0,0,0,0,0,0,0,0,0,1,2,1646,1717,1,0,1,129.56
1,0,0,0,0,0,0,0,0,0,0,0,0,0,0,1,1,2564,2564,0,0,0,129.5
1,1,0,0,0,0,0,0,0,0,0,0,0,0,0,0,2,3374,3374,1,0,1,128.02
1,1,0,0,0,0,0,0,0,0,0,0,0,0,0,0,3,1134,3125,1,0,0,405.75
1,0,1,0,0,0,0,0,0,0,0,0,0,0,0,0,1,1680,1680,1,1,0,116.38
1,0,0,0,0,0,0,0,0,1,0,0,0,0,0,0,3,465,2897,0,1,0,132.57
1,0,0,0,0,0,1,0,0,0,0,0,0,0,0,0,2,3642,3642,0,0,0,128.5
0,0,0,0,0,0,0,0,0,0,0,0,0,0,0,1,3,260,1038,0,0,1,135.06
1,1,0,0,0,0,0,0,0,0,0,0,0,0,0,0,2,3914,4005,0,0,1,581.26
0,0,0,0,0,0,0,0,0,0,0,0,1,0,0,0,2,3521,3521,0,0,0,53.07
1,0,0,0,0,0,0,0,0,0,0,0,1,0,0,0,2,1850,1899,0,0,0,34.55
1,0,0,0,0,0,0,0,0,0,0,0,1,0,0,0,1,2257,2257,1,0,0,91.27
1,0,0,0,0,1,0,0,0,0,0,0,0,0,0,0,2,2199,2257,1,1,0,80.5
1,0,0,0,0,1,0,0,0,0,0,0,0,0,0,0,1,2445,2445,1,0,1,34.5
1,1,0,0,0,0,0,0,0,0,0,0,0,0,0,0,1,2481,2481,1,1,0,152.5
1,0,0,0,0,1,0,0,0,0,0,0,0,0,0,0,7,216,2051,1,1,1,150.08
1,1,0,0,0,0,0,0,0,0,0,0,0,0,0,0,1,3199,3199,1,0,0,158.82
1,1,0,0,0,0,0,0,0,0,0,0,0,0,0,0,1,2781,2781,1,0,0,129.5
1,0,0,0,1,0,0,0,0,0,0,0,0,0,0,0,2,2326,2333,1,1,0,160.57
0,0,0,0,0,0,0,0,0,0,0,0,1,0,0,0,1,2962,3131,0,0,0,135.8
1,0,0,0,0,0,0,0,0,1,0,0,0,0,0,0,2,162,188,1,1,0,1162
1,1,0,0,0,0,0,0,0,0,0,0,0,0,0,0,12,520,3944,1,0,0,1194.57
0,0,0,0,0,0,0,0,0,0,0,0,1,0,0,0,1,1491,1491,0,0,0,56.5
1,0,0,0,0,0,0,0,0,0,0,0,1,0,0,0,1,717,717,1,0,0,29.5
1,0,0,0,1,0,0,0,0,0,0,0,0,0,0,0,3,3740,3760,0,0,0,98.1
1,0,0,0,1,0,0,0,0,0,0,0,0,0,0,0,2,2957,3171,0,1,0,128.67
1,0,0,0,0,0,0,0,0,0,0,1,0,0,0,0,2,3213,3222,1,0,1,33.62
1,0,1,0,0,0,0,0,0,0,0,0,0,0,0,0,1,1554,1554,0,0,0,276.5
1,0,0,0,0,0,0,0,0,0,0,0,1,0,0,0,1,4065,4065,1,1,0,127.98
1,0,1,0,0,0,0,0,0,0,0,0,0,0,0,0,2,850,868,1,1,0,210.4
1,0,0,0,0,0,0,0,0,1,0,0,0,0,0,0,5,15,3283,0,1,0,142
1,0,0,0,0,0,0,0,0,0,0,0,0,0,0,1,1,120,120,0,1,0,149
1,0,0,0,0,0,0,0,0,0,0,0,0,0,0,0,1,582,829,0,1,0,69
1,0,0,0,0,0,0,0,0,0,0,0,0,0,0,1,1,2704,2905,1,1,0,8
1,0,0,1,0,0,0,0,0,0,0,0,0,0,0,0,7,1128,3430,1,1,1,236.09
1,0,0,0,0,0,0,0,0,0,0,1,0,0,0,0,2,3944,4096,0,1,1,362.2
1,0,0,0,0,0,1,0,0,0,0,0,0,0,0,0,2,3381,3381,1,0,0,98.28
1,1,0,0,0,0,0,0,0,0,0,0,0,0,0,0,1,3158,3158,0,0,0,33.5
1,0,0,0,0,1,0,0,0,0,0,0,0,0,0,0,1,2759,2759,0,1,0,34.5
1,0,0,1,0,0,0,0,0,0,0,0,0,0,0,0,3,792,3689,0,1,0,331.07
1,0,0,0,0,0,0,0,0,0,0,0,1,0,0,0,1,3327,3327,1,1,1,98.29
0,0,0,0,0,0,0,0,0,0,0,1,0,0,0,0,2,3157,3180,1,1,0,161.57
1,0,1,0,0,0,0,0,0,0,0,0,0,0,0,0,2,490,2017,1,0,0,276
1,0,0,0,0,0,0,0,0,0,0,0,0,0,0,1,2,2012,2053,1,1,1,159.56
0,0,0,0,0,1,0,0,0,0,0,0,0,0,0,0,1,2487,2487,1,0,0,162.5
1,0,0,0,0,0,0,0,0,0,0,0,1,0,0,0,1,3342,3342,0,1,0,98.29
1,1,0,0,0,0,0,0,0,0,0,0,0,0,0,0,3,2829,3381,0,1,0,163.07
0,0,0,0,0,0,0,0,0,0,0,0,0,0,0,1,1,1017,1017,0,0,0,196.95
1,0,0,0,0,0,0,0,0,0,0,0,1,0,0,0,1,581,581,0,1,1,203
1,1,0,0,0,0,0,0,0,0,0,0,0,0,0,0,4,2807,3683,1,0,1,239.36
1,1,0,0,0,0,0,0,0,0,0,0,0,0,0,0,1,3041,3041,1,0,0,29.95
1,0,0,0,0,0,0,0,0,0,0,1,0,0,0,0,2,2723,2752,0,0,0,160.57
1,0,0,0,0,0,0,0,0,0,0,0,1,0,0,0,1,2402,2402,0,1,0,84.5
1,0,0,0,0,1,0,0,0,0,0,0,0,0,0,0,1,709,709,1,0,0,159.9
1,0,0,0,0,0,0,0,0,1,0,0,0,0,0,0,1,1673,1673,1,0,0,128.63
1,0,1,0,0,0,0,0,0,0,0,0,0,0,0,0,1,2379,2379,0,1,0,206.9
1,0,0,0,0,1,0,0,0,0,0,0,0,0,0,0,3,1248,1970,0,0,1,201.63
1,0,0,0,0,0,0,0,0,0,0,0,1,0,0,0,1,3883,3883,1,0,0,97.31
1,0,0,0,0,0,0,0,1,0,0,0,0,0,0,0,3,1809,1925,1,1,1,57.56
1,0,0,0,0,0,0,0,0,0,0,0,0,0,1,0,5,549,2306,1,1,1,484.01
1,1,0,0,0,0,0,0,0,0,0,0,0,0,0,0,1,2941,2968,0,0,0,285
1,0,0,0,0,0,0,0,0,0,0,0,1,0,0,0,1,609,609,0,1,0,162.3
1,0,0,0,0,1,0,0,0,0,0,0,0,0,0,0,3,2158,2249,1,1,0,63.57
0,0,0,0,0,0,0,0,0,0,0,0,0,0,0,1,1,1052,1052,0,1,0,170
1,0,0,0,1,0,0,0,0,0,0,0,0,0,0,0,2,2466,3283,1,0,0,187.68
1,0,0,0,0,0,0,0,0,0,0,0,0,0,0,1,2,1563,1793,0,0,0,160
1,1,0,0,0,0,0,0,0,0,0,0,0,0,0,0,2,465,2438,1,0,1,259.5
1,0,0,0,0,0,0,0,0,0,0,0,0,0,1,0,1,3496,3496,0,1,0,40
1,1,0,0,0,0,0,0,0,0,0,0,0,0,0,0,4,1128,2996,0,1,0,620
1,0,0,1,0,0,0,0,0,0,0,0,0,0,0,0,2,3382,3382,1,1,0,132.32
1,0,1,0,0,0,0,0,0,0,0,0,0,0,0,0,1,582,582,1,1,0,89
1,0,0,0,0,0,0,0,0,0,0,0,1,0,0,0,1,2313,2313,0,1,0,139.5
1,1,0,0,0,0,0,0,0,0,0,0,0,0,0,0,1,4036,4036,0,0,0,64.95
0,0,0,0,0,0,0,0,0,0,0,0,0,0,0,1,1,770,770,0,1,0,43
1,1,0,0,0,0,0,0,0,0,0,0,0,0,0,0,2,1120,2039,1,0,0,193
1,0,0,0,0,0,0,0,0,0,0,0,0,0,0,1,2,1498,1512,1,0,1,344.06
0,0,0,0,0,1,0,0,0,0,0,0,0,0,0,0,1,2634,2634,0,1,0,116
1,0,0,0,0,0,0,0,0,0,0,1,0,0,0,0,2,1120,3244,0,1,0,123.57
1,0,0,0,0,0,0,0,0,0,1,0,0,0,0,0,1,2452,2478,1,1,0,99.5
0,0,0,0,0,0,0,0,1,0,0,0,0,0,0,0,3,1436,1499,1,0,1,192.06
1,0,0,0,0,1,0,0,0,0,0,0,0,0,0,0,2,1625,1661,0,0,0,169
1,1,0,0,0,0,0,0,0,0,0,0,0,0,0,0,2,3054,3067,0,1,1,98.74
1,1,0,0,0,0,0,0,0,0,0,0,0,0,0,0,3,1130,3664,0,0,0,274.06
1,0,0,0,1,0,0,0,0,0,0,0,0,0,0,0,3,3583,3768,0,0,0,100.07
1,0,0,0,0,0,0,0,0,0,0,0,0,0,1,0,2,3695,3695,0,1,0,128.91
1,1,0,0,0,0,0,0,0,0,0,0,0,0,0,0,4,567,3883,1,0,1,409.92
1,1,0,0,0,0,0,0,0,0,0,0,0,0,0,0,1,2947,2947,0,1,0,229.5
1,0,0,0,0,0,0,0,0,0,0,1,0,0,0,0,1,4157,4188,1,0,0,33
1,0,0,1,0,0,0,0,0,0,0,0,0,0,0,0,2,3436,3458,0,0,0,98.28
1,0,0,0,1,0,0,0,0,0,0,0,0,0,0,0,3,3570,3613,1,0,0,97.6
1,1,0,0,0,0,0,0,0,0,0,0,0,0,0,0,2,3670,3670,1,1,0,19.07
0,0,0,0,0,0,0,0,1,0,0,0,0,0,0,0,3,1442,1583,0,0,1,79.06
1,0,0,0,0,0,0,0,0,0,0,0,0,0,0,1,1,1605,1605,1,1,0,84.5
1,1,0,0,0,0,0,0,0,0,0,0,0,0,0,0,3,1164,3822,1,1,0,349.35
1,0,0,0,0,0,0,0,0,0,1,0,0,0,0,0,1,1991,2004,0,0,0,102.5
1,0,0,0,1,0,0,0,0,0,0,0,0,0,0,0,1,3264,3264,0,1,0,38.52
0,0,0,0,0,0,0,0,0,0,0,0,0,0,0,1,2,822,1091,1,0,0,70.95
1,0,0,0,0,1,0,0,0,0,0,0,0,0,0,0,1,1752,1752,0,1,0,53.5
1,1,0,0,0,0,0,0,0,0,0,0,0,0,0,0,2,479,2908,1,1,0,203.5
1,1,0,0,0,0,0,0,0,0,0,0,0,0,0,0,3,2564,3390,0,1,0,72.57
1,0,0,0,0,0,0,0,0,0,0,0,0,0,0,1,2,1710,1752,0,0,1,166.56
1,1,0,0,0,0,0,0,0,0,0,0,0,0,0,0,1,2828,2828,0,1,0,129.5
1,0,0,0,0,0,0,0,0,0,0,0,1,0,0,0,2,1043,2733,0,1,0,335
1,1,0,0,0,0,0,0,0,0,0,0,0,0,0,0,2,2080,2101,1,1,0,129.56
1,0,0,0,0,1,0,0,0,0,0,0,0,0,0,0,2,2656,2849,0,1,0,84.57
1,0,0,0,0,0,0,0,0,0,0,0,0,0,1,0,1,1154,1154,1,1,1,43.5
1,0,0,0,0,0,1,0,0,0,0,0,0,0,0,0,3,3374,3549,0,1,1,163.36
1,0,0,0,0,0,0,0,0,0,1,0,0,0,0,0,2,539,2544,1,1,0,131
1,0,0,0,0,1,0,0,0,0,0,0,0,0,0,0,1,2333,2333,0,1,0,160.5
1,0,0,0,0,0,0,0,0,1,0,0,0,0,0,0,1,2626,2626,1,1,0,24.5
1,0,1,0,0,0,0,0,0,0,0,0,0,0,0,0,1,2375,2375,1,1,0,144.5
1,0,0,0,0,0,0,0,0,0,0,0,1,0,0,0,2,2887,3125,0,1,1,159
0,0,0,0,0,1,0,0,0,0,0,0,0,0,0,0,1,2590,2590,1,1,0,162.5
1,0,0,0,0,0,1,0,0,0,0,0,0,0,0,0,1,905,905,0,1,0,80.5
0,0,0,0,0,1,0,0,0,0,0,0,0,0,0,0,2,2571,2702,0,0,0,174.07
1,0,0,0,0,0,0,0,0,0,0,0,1,0,0,0,1,2417,2417,1,1,0,270.4
1,0,0,0,0,1,0,0,0,0,0,0,0,0,0,0,1,3158,3158,0,1,0,33.62
0,0,0,0,0,0,0,0,0,0,0,0,0,0,0,1,1,155,155,0,1,0,164
1,0,1,0,0,0,0,0,0,0,0,0,0,0,0,0,2,807,2758,1,0,0,113.5
1,0,0,0,0,0,0,0,0,0,0,0,1,0,0,0,1,3251,3251,1,1,0,15
1,0,0,0,0,0,0,0,0,0,0,0,0,0,0,0,1,3269,3269,0,1,0,31.48
1,1,0,0,0,0,0,0,0,0,0,0,0,0,0,0,4,218,2278,1,0,0,580.5
0,0,0,0,0,0,0,0,0,1,0,0,0,0,0,0,11,918,3479,0,1,0,1441
1,0,1,0,0,0,0,0,0,0,0,0,0,0,0,0,4,1240,2758,0,1,0,231.5
1,1,0,0,0,0,0,0,0,0,0,0,0,0,0,0,2,4005,4127,0,1,0,140.9
1,0,0,0,0,0,0,0,0,0,0,0,1,0,0,0,2,1618,1654,1,0,1,39.56
1,0,0,0,0,0,0,0,0,0,0,0,0,1,0,0,3,3573,4036,0,0,0,439.66
1,0,0,0,0,0,0,0,0,0,0,1,0,0,0,0,1,1277,1277,1,0,0,163.5
0,0,0,0,0,0,0,0,0,0,0,0,0,1,0,0,1,3944,3944,1,1,0,49
1,0,0,0,0,0,0,0,0,0,0,0,0,0,0,0,4,801,1865,1,1,0,253.07
1,0,0,0,0,0,0,0,0,0,0,0,1,0,0,0,3,1759,1879,1,1,1,129.56
1,1,0,0,0,0,0,0,0,0,0,0,0,0,0,0,1,2999,2999,1,1,0,159.5
0,1,0,0,0,0,0,0,0,0,0,0,0,0,0,0,4,1794,3101,1,1,0,525
1,0,0,1,0,0,0,0,0,0,0,0,0,0,0,0,2,2975,2984,0,0,0,159.57
1,0,0,0,0,1,0,0,0,0,0,0,0,0,0,0,4,610,2402,0,0,1,316.56
1,1,0,0,0,0,0,0,0,0,0,0,0,0,0,0,1,1752,3013,0,1,0,159.5
1,1,0,0,0,0,0,0,0,0,0,0,0,0,0,0,1,3822,3822,1,0,0,64.95
1,0,0,0,0,0,0,0,0,1,0,0,0,0,0,0,2,3536,3541,0,1,0,127.77
1,0,1,0,0,0,0,0,0,0,0,0,0,0,0,0,3,1121,2016,1,1,0,247.25
1,0,0,0,0,0,0,0,0,0,0,1,0,0,0,0,1,3852,3852,1,1,0,127.9
1,0,0,0,1,0,0,0,0,0,0,0,0,0,0,0,2,2018,2047,0,1,0,160.57
1,0,1,0,0,0,0,0,0,0,0,0,0,0,0,0,2,1240,2404,1,1,0,53.57
1,0,0,0,1,0,0,0,0,0,0,0,0,0,0,0,3,2438,3768,1,0,1,227.24
1,1,0,0,0,0,0,0,0,0,0,0,0,0,0,0,1,2117,2117,0,1,0,160.5
1,0,0,0,0,0,0,0,0,0,0,0,0,0,0,1,2,2009,2059,0,1,0,229.55
0,0,0,0,0,0,0,0,0,0,0,0,1,0,0,0,2,2418,2436,0,0,0,262.57
1,0,0,0,0,1,0,0,0,0,0,0,0,0,0,0,2,1780,1792,1,0,1,129.56
1,0,0,0,0,0,0,0,0,0,0,1,0,0,0,0,3,2893,3251,0,1,0,159.57
1,0,0,0,0,0,0,0,0,0,0,0,1,0,0,0,4,332,2052,1,1,0,409.62
1,0,0,0,0,1,0,0,0,0,0,0,0,0,0,0,2,1465,2138,0,0,0,228.43
1,1,0,0,0,0,0,0,0,0,0,0,0,0,0,0,3,822,3019,0,0,0,420.5
1,0,0,0,0,0,0,0,0,0,0,0,0,0,0,1,2,216,651,1,0,0,43
1,0,0,0,0,0,0,0,0,1,0,0,0,0,0,0,1,2544,2544,1,0,0,129.5
1,0,0,0,0,0,0,0,0,0,0,1,0,0,0,0,1,2912,2913,1,1,0,95.76
1,0,0,0,0,0,0,0,0,0,0,0,1,0,0,0,1,2508,2508,0,0,0,9
1,0,0,0,1,0,0,0,0,0,0,0,0,0,0,0,8,1030,3269,1,0,0,819.07
0,0,0,0,0,0,0,1,0,0,0,0,0,0,0,0,1,3578,3746,1,0,1,130
1,0,0,0,0,0,0,0,0,0,0,0,0,0,0,1,1,891,891,1,1,0,163
1,0,0,0,0,0,0,0,0,0,0,0,1,0,0,0,1,2962,3250,0,0,0,68
1,1,0,0,0,0,0,0,0,0,0,0,0,0,0,0,1,3171,3171,0,1,0,259.69
1,1,0,0,0,0,0,0,0,0,0,0,0,0,0,0,2,2527,3758,0,0,0,9.61
1,0,0,0,0,0,0,0,0,0,0,0,1,0,0,0,1,3822,3822,0,1,0,127.9
1,1,0,0,0,0,0,0,0,0,0,0,0,0,0,0,3,1794,2648,1,1,0,107.07
1,1,0,0,0,0,0,0,0,0,0,0,0,0,0,0,13,281,4005,1,0,0,1443
1,0,0,0,0,0,0,0,0,0,0,1,0,0,0,0,3,2814,2921,0,0,0,162.1
1,1,0,0,0,0,0,0,0,0,0,0,0,0,0,0,1,2107,2107,1,0,0,129.5
1,0,0,0,0,0,0,0,0,0,0,0,0,0,0,1,1,1218,1218,1,1,0,43.5
1,1,0,0,0,0,0,0,0,0,0,0,0,0,0,0,3,400,2998,1,1,0,522
1,1,0,0,0,0,0,0,0,0,0,0,0,0,0,0,7,2842,3883,1,0,0,1393
1,0,0,0,0,0,0,0,0,0,0,0,0,0,0,1,3,486,1849,0,1,1,265.56
0,0,0,0,0,0,0,0,0,0,0,0,0,0,0,1,1,1190,1190,0,1,0,205
1,1,0,0,0,0,0,0,0,0,0,0,0,0,0,0,5,1011,2492,0,1,1,470.51
0,0,0,0,0,0,0,0,0,1,0,0,0,0,0,0,1,2053,2053,0,0,0,345
1,0,0,0,0,1,0,0,0,0,0,0,0,0,0,0,1,2530,2625,0,0,0,135.5
1,0,0,0,0,0,0,0,0,0,0,0,1,0,0,0,1,4096,4096,0,0,1,97.48
1,0,0,0,0,0,0,0,0,0,0,0,1,0,0,0,1,1638,1638,1,1,0,29.5
1,0,0,0,0,0,0,0,0,0,0,1,0,0,0,0,3,2962,3230,1,0,0,162.17
1,0,0,0,0,0,0,0,0,0,0,0,0,0,1,0,1,4096,4096,1,0,0,128
1,0,0,0,0,0,0,0,0,0,0,0,0,0,0,1,1,1288,1288,1,0,1,29.5
1,0,0,0,0,0,0,0,0,0,0,1,0,0,0,0,7,1502,3066,0,0,1,347.06
1,0,0,0,0,0,0,0,0,0,1,0,0,0,0,0,2,2072,2100,0,1,0,104.55
1,0,0,0,0,0,0,0,0,0,0,0,0,0,0,1,3,91,1472,1,0,0,1370
1,0,0,0,0,0,0,0,0,0,0,0,0,0,1,0,1,2533,2533,1,1,0,9
1,0,0,1,0,0,0,0,0,0,0,0,0,0,0,0,3,2284,3822,1,0,0,270.85
1,0,0,0,0,1,0,0,0,0,0,0,0,0,0,0,3,2799,2848,1,0,0,103.57
1,1,0,0,0,0,0,0,0,0,0,0,0,0,0,0,3,744,4065,0,1,1,128.06
0,0,1,0,0,0,0,0,0,0,0,0,0,0,0,0,1,216,216,1,0,0,7.87
0,0,0,0,0,0,0,0,0,0,0,0,1,0,0,0,1,1556,1556,1,1,0,46
1,0,1,0,0,0,0,0,0,0,0,0,0,0,0,0,1,2404,2404,0,0,0,113.5
0,0,0,0,0,0,0,0,0,0,0,0,0,0,0,1,1,659,659,1,1,0,58
1,0,0,0,0,0,0,1,0,0,0,0,0,0,0,0,4,871,3746,0,1,0,495.5
0,0,0,0,0,0,0,0,0,0,0,0,0,0,0,1,3,1137,1323,0,1,0,292
0,0,0,0,0,0,0,0,0,0,0,1,0,0,0,0,1,3222,3222,0,0,0,33
1,1,0,0,0,0,0,0,0,0,0,0,0,0,0,0,11,220,2892,0,0,0,1227
1,0,1,0,0,0,0,0,0,0,0,0,0,0,0,0,4,701,2022,1,1,0,290.45
1,0,0,0,0,0,0,0,0,0,0,0,1,0,0,0,2,3791,3791,0,1,1,97.86
0,0,0,0,0,0,0,0,0,0,0,0,0,0,0,1,1,427,427,0,1,0,55.95
1,1,0,0,0,0,0,0,0,0,0,0,0,0,0,0,3,715,3914,1,1,1,129.01
1,0,0,0,0,0,0,0,0,1,0,0,0,0,0,0,3,3521,3669,1,1,0,331.06
1,0,0,0,1,0,0,0,0,0,0,0,0,0,0,0,1,3229,3229,1,1,0,278.95
0,0,0,0,0,0,0,0,0,0,0,0,1,0,0,0,1,2648,2648,0,0,0,46
1,0,0,0,0,0,0,0,0,0,0,0,0,0,0,1,1,868,868,1,0,0,43
1,0,1,0,0,0,0,0,0,0,0,0,0,0,0,0,4,442,2040,1,0,0,350.05
1,0,0,0,1,0,0,0,0,0,0,0,0,0,0,0,8,1130,3459,1,0,1,559.11
1,0,0,0,0,0,0,0,0,0,1,0,0,0,0,0,1,2828,2828,1,1,0,99.5
1,0,0,0,1,0,0,0,0,0,0,0,0,0,0,0,3,2200,2256,0,1,1,160.57
1,1,0,0,0,0,0,0,0,0,0,0,0,0,0,0,3,1242,2107,0,0,1,164.99
0,0,0,0,0,1,0,0,0,0,0,0,0,0,0,0,2,469,2499,0,0,0,338
1,0,1,0,0,0,0,0,0,0,0,0,0,0,0,0,1,2016,2016,0,1,0,53.5
0,0,0,0,0,0,0,0,0,0,0,0,0,0,0,1,3,1379,1438,0,1,0,142.5
1,0,0,0,0,0,0,0,0,0,0,0,0,0,0,1,1,791,791,1,1,0,68
1,0,0,0,0,0,0,0,0,0,0,0,1,0,0,0,2,1710,1743,0,1,1,310.56
1,0,0,0,0,0,0,0,0,1,0,0,0,0,0,0,3,1879,2725,0,1,1,164.06
1,0,0,0,0,0,0,0,0,0,1,0,0,0,0,0,1,2438,2478,1,1,0,103.5
1,0,0,0,0,0,0,0,0,0,0,0,0,0,0,1,1,1836,1836,1,1,0,129.5
1,0,0,0,0,0,0,0,0,0,0,0,0,0,0,1,2,549,701,0,0,0,215
1,0,0,0,0,0,0,0,0,0,0,0,0,0,1,0,4,2052,2457,1,0,0,354.57
1,0,0,1,0,0,0,0,0,0,0,0,0,0,0,0,2,3706,3706,0,1,0,228.07
1,1,0,0,0,0,0,0,0,0,0,0,0,0,0,0,1,3360,3360,1,0,0,128
1,0,0,1,0,0,0,0,0,0,0,0,0,0,0,0,4,2240,3536,0,1,1,189.44
1,0,0,0,0,0,0,0,0,1,0,0,0,0,0,0,1,1052,1052,1,1,0,39.5
1,1,0,0,0,0,0,0,0,0,0,0,0,0,0,0,6,1122,2681,0,0,1,425.06
1,0,0,0,0,1,0,0,0,0,0,0,0,0,0,0,5,534,2400,0,0,0,361
1,0,0,0,0,0,0,0,0,0,0,1,0,0,0,0,1,1,1,1,1,0,109
1,0,0,0,0,0,0,0,0,0,0,0,0,0,0,1,2,492,1373,0,1,0,43
1,1,0,0,0,0,0,0,0,0,0,0,0,0,0,0,2,472,2102,1,1,0,228.5
1,0,0,0,0,0,0,0,0,0,0,0,0,0,0,0,2,2464,3944,1,1,0,86.48
1,1,0,0,0,0,0,0,0,0,0,0,0,0,0,0,1,2977,2977,1,1,0,159.5
0,0,0,0,0,0,0,0,0,1,0,0,0,0,0,0,2,469,792,1,1,0,377
1,0,0,1,0,0,0,0,0,0,0,0,0,0,0,0,2,3566,3566,1,1,0,228.5
1,1,0,0,0,0,0,0,0,0,0,0,0,0,0,0,3,2389,2529,0,1,0,384.65
0,0,0,0,0,1,0,0,0,0,0,0,0,0,0,0,1,2249,2249,1,1,0,146
1,1,0,0,0,0,0,0,0,0,0,0,0,0,0,0,1,4096,4096,1,1,0,228.69
1,1,0,0,0,0,0,0,0,0,0,0,0,0,0,0,1,3067,3067,0,0,0,228.5
1,0,0,0,0,0,0,0,0,0,0,0,0,0,0,1,1,513,513,1,1,0,119
1,1,0,0,0,0,0,0,0,0,0,0,0,0,0,0,2,442,1134,0,0,0,137.7
1,0,0,0,0,1,0,0,0,0,0,0,0,0,0,0,6,471,2348,0,1,1,622.56
0,0,0,0,0,0,0,0,0,0,0,0,1,0,0,0,5,1340,3045,1,0,0,262.07
0,0,0,0,0,0,0,0,0,0,0,0,0,0,0,1,1,912,912,0,0,0,551
1,0,0,0,0,1,0,0,0,0,0,0,0,0,0,0,1,2752,2752,0,1,1,34.5
1,0,0,0,0,1,0,0,0,0,0,0,0,0,0,0,2,1379,2927,1,0,1,63.06
1,0,0,0,0,0,1,0,0,0,0,0,0,0,0,0,6,380,3642,1,1,0,450.07
1,0,1,0,0,0,0,0,0,0,0,0,0,0,0,0,1,1261,1261,1,0,1,43.5
1,0,0,0,0,0,0,0,0,0,0,0,0,0,0,1,2,1379,1401,0,0,1,192.56
1,0,0,0,0,0,0,0,0,0,0,0,1,0,0,0,12,220,3236,0,1,0,1446
1,0,0,1,0,0,0,0,0,0,0,0,0,0,0,0,1,3339,3356,1,0,0,38
1,0,0,0,0,0,0,0,0,0,0,0,0,0,1,0,2,3444,3444,0,1,0,70.62
1,1,0,0,0,0,0,0,0,0,0,0,0,0,0,0,2,2571,2579,1,1,0,160.5
1,0,0,0,0,1,0,0,0,0,0,0,0,0,0,0,2,2257,2263,1,0,0,264
1,0,0,0,0,0,0,0,1,0,0,0,0,0,0,0,2,1882,1933,1,0,1,3.5
1,1,0,0,0,0,0,0,0,0,0,0,0,0,0,0,2,3608,3608,1,0,0,22.07
0,0,0,1,0,0,0,0,0,0,0,0,0,0,0,0,3,486,3089,0,1,0,321
1,0,0,0,0,0,0,0,0,0,0,0,0,0,0,0,2,490,2829,0,0,0,203.5
0,0,0,0,0,1,0,0,0,0,0,0,0,0,0,0,2,1920,1963,1,1,0,138.06
0,0,0,0,0,0,0,0,0,0,0,0,1,0,0,0,7,700,3215,1,0,1,438.07
1,0,0,0,0,0,0,0,0,1,0,0,0,0,0,0,6,239,2296,1,0,0,1161.4
1,0,0,0,0,0,0,0,0,1,0,0,0,0,0,0,1,486,486,1,1,0,159
1,1,0,0,0,0,0,0,0,0,0,0,0,0,0,0,1,3009,3009,1,1,0,183.5
1,0,1,0,0,0,0,0,0,0,0,0,0,0,0,0,2,2460,3125,1,1,0,162
1,1,0,0,0,0,0,0,0,0,0,0,0,0,0,0,2,1021,2418,0,1,1,285
1,0,0,0,0,1,0,0,0,0,0,0,0,0,0,0,3,1109,1764,0,0,1,173.06
1,0,0,0,0,0,0,0,0,0,1,0,0,0,0,0,1,2327,2327,0,0,1,157.5
1,0,0,0,0,0,0,0,0,1,0,0,0,0,0,0,1,724,724,1,1,0,43
1,0,0,0,0,0,0,0,0,1,0,0,0,0,0,0,2,2960,3222,0,1,1,159.57
0,0,0,0,0,0,0,0,0,1,0,0,0,0,0,0,1,372,2383,0,0,0,149
1,0,0,0,0,0,0,0,0,0,0,0,1,0,0,0,1,556,556,1,0,0,174
1,0,0,0,0,0,0,0,0,0,0,0,0,0,0,1,1,658,658,0,1,0,55.95
0,0,0,0,0,0,0,0,0,0,0,0,0,0,0,1,1,829,829,0,1,0,89
1,0,0,0,0,0,0,0,0,0,0,0,1,0,0,0,7,360,3027,1,0,0,1305
0,0,0,0,0,0,0,0,0,0,0,0,0,0,0,1,3,835,1091,1,0,0,240.95
1,0,0,1,0,0,0,0,0,0,0,0,0,0,0,0,1,3292,3292,0,0,0,128.18
1,0,0,0,0,0,0,0,0,0,0,0,1,0,0,0,1,2467,2467,1,1,0,129.5
1,0,0,0,0,0,0,0,0,0,0,0,1,0,0,0,1,1619,1619,1,0,0,20
1,0,0,0,0,0,0,0,0,0,0,0,1,0,0,0,1,2739,2739,0,0,0,8
1,0,0,0,0,0,0,0,0,0,0,0,1,0,0,0,4,1877,2019,0,0,0,255
1,1,0,0,0,0,0,0,0,0,0,0,0,0,0,0,1,3286,3286,1,0,0,127.95
1,1,0,0,0,0,0,0,0,0,0,0,0,0,0,0,1,3822,3822,0,1,0,97.18
1,0,0,0,0,0,0,0,0,0,0,0,0,0,0,1,1,456,456,1,0,1,306
1,0,0,0,0,0,0,0,0,0,0,0,0,0,0,1,1,134,134,0,0,0,163
1,0,0,0,0,0,0,0,0,0,0,0,1,0,0,0,1,4157,4157,1,1,0,253.97
0,0,0,0,0,0,0,0,0,0,0,0,0,0,0,1,1,1617,1617,1,1,0,169.5
1,0,0,0,0,0,0,0,0,0,0,0,1,0,0,0,3,499,2758,1,1,0,236.5
1,0,0,0,0,0,1,0,0,0,0,0,0,0,0,0,1,829,829,1,1,0,202
1,0,0,0,0,0,0,0,0,0,1,0,0,0,0,0,3,835,1715,0,0,1,56.01
0,0,0,0,0,0,0,0,0,0,0,0,0,0,0,0,1,437,616,0,0,0,114
1,0,0,0,0,1,0,0,0,0,0,0,0,0,0,0,2,2809,2841,0,0,0,191.07
1,0,0,0,0,0,0,0,0,1,0,0,0,0,0,0,1,4065,4065,0,1,1,98.5
0,0,0,0,0,0,0,0,0,0,0,0,0,0,0,1,3,743,1242,1,1,1,46.56
1,0,0,0,0,0,0,0,0,0,0,0,1,0,0,0,2,804,3027,1,0,0,302.5
1,0,0,0,0,0,0,0,0,0,0,0,0,0,0,1,2,583,598,1,1,0,149
1,1,0,0,0,0,0,0,0,0,0,0,0,0,0,0,3,471,3304,1,1,0,248.6
1,0,1,0,0,0,0,0,0,0,0,0,0,0,0,0,5,542,3125,0,0,0,578.37
1,0,0,0,0,0,0,0,0,0,1,0,0,0,0,0,3,463,1949,0,0,0,411.95
1,0,0,0,0,0,1,0,0,0,0,0,0,0,0,0,1,925,925,1,1,0,103.5
1,1,0,0,0,0,0,0,0,0,0,0,0,0,0,0,1,3587,3587,1,1,0,32.9
1,1,0,0,0,0,0,0,0,0,0,0,0,0,0,0,1,2963,2963,1,1,0,164.93
1,0,1,0,0,0,0,0,0,0,0,0,0,0,0,0,1,3125,3125,1,0,0,102.5
1,0,0,0,0,0,0,0,0,0,0,0,1,0,0,0,2,2899,3852,1,1,0,320.17
0,1,0,0,0,0,0,0,0,0,0,0,0,0,0,0,2,3474,3474,1,1,0,45.07
1,0,0,0,0,0,0,0,0,0,0,0,0,0,0,1,5,525,2513,0,1,0,489.5
0,0,0,0,0,1,0,0,0,0,0,0,0,0,0,0,4,1018,2984,1,0,0,404.56
1,0,1,0,0,0,0,0,0,0,0,0,0,0,0,0,2,869,2767,0,1,0,117.32
1,0,0,0,0,0,0,0,0,0,0,0,0,1,0,0,2,2856,3069,0,0,0,78
1,0,0,0,0,0,0,0,0,1,0,0,0,0,0,0,1,2943,2943,1,1,0,183.25
1,0,0,0,0,0,0,0,0,0,0,0,0,0,0,0,4,37,1910,0,0,1,623.58
1,0,0,0,1,0,0,0,0,0,0,0,0,0,0,0,2,2318,2333,1,0,0,160.57
1,0,0,0,0,0,0,0,0,0,1,0,0,0,0,0,2,2165,3240,1,1,0,156.95
1,0,0,0,0,0,0,0,0,0,1,0,0,0,0,0,1,2838,2838,1,0,0,34.5
1,1,0,0,0,0,0,0,0,0,0,0,0,0,0,0,6,408,3914,1,0,0,197.06
1,0,0,0,0,1,0,0,0,0,0,0,0,0,0,0,2,2817,2927,1,0,0,163
1,0,0,0,0,0,0,0,0,1,0,0,0,0,0,0,3,1877,1969,1,1,0,212.07
1,0,0,1,0,0,0,0,0,0,0,0,0,0,0,0,1,3270,3270,0,1,0,38.21
1,0,0,0,0,0,0,0,0,0,0,0,1,0,0,0,1,3143,3143,0,1,0,229
0,0,0,0,0,0,1,0,0,0,0,0,0,0,0,0,2,511,945,0,0,1,172.5
1,1,0,0,0,0,0,0,0,0,0,0,0,0,0,0,3,1017,2431,1,1,0,254
1,0,0,0,0,0,0,0,0,0,0,0,1,0,0,0,1,2744,2744,1,1,0,229.5
1,0,0,0,0,0,0,0,0,0,0,0,1,0,0,0,2,1521,1577,1,0,1,39.56
0,0,0,0,0,0,0,0,0,0,0,0,0,0,0,1,3,1121,1262,1,1,0,288
1,0,0,0,0,0,0,0,0,0,0,0,0,0,1,0,1,2255,2255,0,1,0,161.21
1,0,0,0,0,0,0,0,0,0,0,0,1,0,0,0,2,1275,1323,1,1,1,139.56
0,0,0,0,0,0,0,0,1,0,0,0,0,0,0,0,3,1241,1311,1,0,1,255.06
1,1,0,0,0,0,0,0,0,0,0,0,0,0,0,0,1,3215,3215,0,0,0,229.5
1,1,0,0,0,0,0,0,0,0,0,0,0,0,0,0,2,3564,3564,1,0,1,128.36
1,1,0,0,0,0,0,0,0,0,0,0,0,0,0,0,4,463,2109,0,1,0,517.05
1,0,0,0,0,0,0,0,0,0,0,0,0,0,0,1,1,1221,1221,1,1,1,163.5
1,0,0,0,0,1,0,0,0,0,0,0,0,0,0,0,3,1430,1534,0,1,1,64.56
1,0,0,0,0,0,0,0,0,0,0,0,0,0,0,1,1,364,364,0,1,0,149
1,0,0,0,0,0,0,0,0,1,0,0,0,0,0,0,4,463,772,0,0,1,405.95
1,1,0,0,0,0,0,0,0,0,0,0,0,0,0,0,1,3304,3304,0,0,0,129.1
0,0,0,0,0,1,0,0,0,0,0,0,0,0,0,0,1,2274,2274,0,0,0,46
1,0,0,0,0,0,0,0,0,0,0,0,0,0,0,1,1,1221,1221,1,1,1,43.5
1,0,0,0,1,0,0,0,0,0,0,0,0,0,0,0,2,3426,3426,1,0,0,198.07
1,0,0,0,1,0,0,0,0,0,0,0,0,0,0,0,2,3243,3278,1,0,1,7.4
1,0,0,0,0,0,0,0,0,1,0,0,0,0,0,0,1,3883,3883,1,0,1,128.48
1,1,0,0,0,0,0,0,0,0,0,0,0,0,0,0,1,3353,3353,1,0,0,213
1,0,0,0,0,0,0,0,0,0,0,0,0,0,0,1,1,1147,1147,1,1,0,200.5
1,1,0,0,0,0,0,0,0,0,0,0,0,0,0,0,1,2527,2527,1,0,0,160.5
1,0,0,0,0,0,0,0,0,0,0,0,0,0,0,1,2,1758,1787,0,0,0,229.55
1,0,0,0,0,0,0,0,0,0,0,0,0,0,0,1,1,666,826,0,0,0,265
1,1,0,0,0,0,0,0,0,0,0,0,0,0,0,0,2,3605,3944,0,0,0,245.5
0,0,0,0,0,0,0,0,0,0,0,0,0,0,0,1,2,255,408,1,1,0,318
1,0,0,0,0,0,1,0,0,0,0,0,0,0,0,0,5,1857,3662,0,1,0,240.07
1,1,0,0,0,0,0,0,0,0,0,0,0,0,0,0,1,2807,2807,1,0,0,53.5
1,1,0,0,0,0,0,0,0,0,0,0,0,0,0,0,1,1897,1897,0,0,0,164.93
0,0,0,0,0,0,0,0,0,0,0,0,1,0,0,0,3,1969,2075,1,0,1,171.13
1,0,0,0,0,0,0,0,0,0,0,0,1,0,0,0,2,3709,3709,1,1,0,97.94
1,0,0,0,0,0,0,0,0,0,0,0,0,0,0,1,1,217,217,1,1,0,40
1,1,0,0,0,0,0,0,0,0,0,0,0,0,0,0,5,295,3020,1,1,1,531.06
1,1,0,0,0,0,0,0,0,0,0,0,0,0,0,0,1,2914,2914,1,1,0,84.5
1,0,0,0,0,1,0,0,0,0,0,0,0,0,0,0,4,2850,3458,1,1,1,128.74
1,0,0,0,0,1,0,0,0,0,0,0,0,0,0,0,5,72,2485,1,1,0,228.5
1,1,0,0,0,0,0,0,0,0,0,0,0,0,0,0,9,1128,3376,1,1,0,1288.54
1,0,0,0,0,0,0,0,0,0,1,0,0,0,0,0,1,2310,2317,0,1,0,99.5
1,0,0,0,0,0,0,0,0,1,0,0,0,0,0,0,3,2235,2256,1,0,0,390
1,0,0,0,0,1,0,0,0,0,0,0,0,0,0,0,1,1878,1878,1,1,0,34.5
1,0,0,0,1,0,0,0,0,0,0,0,0,0,0,0,1,3020,3020,0,1,0,128.5
1,1,0,0,0,0,0,0,0,0,0,0,0,0,0,0,2,1592,1652,1,0,1,39.56
1,0,0,0,0,0,1,0,0,0,0,0,0,0,0,0,4,14,1235,1,0,1,302.97
1,0,0,0,0,0,0,0,0,1,0,0,0,0,0,0,1,2696,2696,0,0,0,229.5
0,0,0,0,0,1,0,0,0,0,0,0,0,0,0,0,1,2101,2101,0,1,0,146
1,1,0,0,0,0,0,0,0,0,0,0,0,0,0,0,6,1581,3660,0,1,0,157.69
1,0,0,0,0,0,0,0,0,1,0,0,0,0,0,0,3,1168,1963,0,1,1,39.63
1,0,0,0,0,0,0,0,0,0,0,0,1,0,0,0,1,2383,2383,0,0,0,160.5
0,1,0,0,0,0,0,0,0,0,0,0,0,0,0,0,2,2548,2799,1,1,0,236
1,1,0,0,0,0,0,0,0,0,0,0,0,0,0,0,1,2912,2912,0,1,0,160.5
1,0,0,0,0,1,0,0,0,0,0,0,0,0,0,0,3,1021,2355,1,0,0,181.5
0,0,0,0,0,0,0,0,0,0,0,0,1,0,0,0,2,1701,1815,0,1,0,192
1,1,0,0,0,0,0,0,0,0,0,0,0,0,0,0,10,289,3020,0,1,0,1214.45
1,0,0,0,0,1,0,0,0,0,0,0,0,0,0,0,2,3374,3453,1,0,0,129.57
1,0,0,0,0,1,0,0,0,0,0,0,0,0,0,0,1,2719,2719,1,0,0,104.5
1,0,1,0,0,0,0,0,0,0,0,0,0,0,0,0,3,995,3125,1,1,0,236
1,0,0,0,0,0,0,0,0,0,0,0,0,0,0,1,1,653,653,0,0,0,263
1,1,0,0,0,0,0,0,0,0,0,0,0,0,0,0,3,1995,2877,0,1,1,220.06
1,1,0,0,0,0,0,0,0,0,0,0,0,0,0,0,1,2400,2400,0,1,0,160.5
1,1,0,0,0,0,0,0,0,0,0,0,0,0,0,0,3,3620,3650,1,0,0,72.07
1,0,0,0,0,0,0,0,0,0,0,0,0,0,0,1,2,429,440,0,1,0,303
1,0,0,0,0,0,0,0,0,0,0,0,1,0,0,0,1,2318,2318,0,0,0,84.5
0,0,0,0,0,0,0,0,0,0,0,0,1,0,0,0,1,28,28,0,0,0,254.95
1,0,0,0,0,0,0,0,0,0,0,0,1,0,0,0,3,1879,3914,1,1,1,258.46
1,0,0,0,1,0,0,0,0,0,0,0,0,0,0,0,2,2891,2897,1,1,0,152.5
1,0,0,0,0,0,0,0,0,0,0,0,0,0,0,1,2,1920,1942,1,1,1,129.56
0,0,0,0,0,1,0,0,0,0,0,0,0,0,0,0,3,822,2478,0,0,0,428.95
1,0,0,0,0,0,0,0,0,0,0,0,0,0,0,1,1,1100,1100,1,0,0,163.5
0,0,0,0,0,0,0,0,0,1,0,0,0,0,0,0,3,2333,3642,0,1,0,175.07
1,0,0,0,0,0,0,0,0,0,0,1,0,0,0,0,1,2962,3248,1,1,0,127.9
1,0,0,0,0,1,0,0,0,0,0,0,0,0,0,0,1,3157,3157,1,1,0,220
1,0,0,0,0,1,0,0,0,0,0,0,0,0,0,0,1,2400,3159,1,1,0,12.95
1,0,0,0,0,1,0,0,0,0,0,0,0,0,0,0,1,2677,2677,0,0,0,160.5
1,0,0,0,0,0,0,0,0,0,0,1,0,0,0,0,3,772,3120,0,0,0,551.17
1,0,0,0,0,0,0,0,0,0,0,1,0,0,0,0,3,2887,3167,0,1,0,162.07
1,0,0,0,0,0,0,0,0,0,0,0,0,0,0,1,1,1261,1261,1,0,1,45.26
0,0,0,0,0,0,0,0,0,0,0,0,0,0,0,1,1,255,255,1,0,0,244
1,0,0,0,0,0,0,1,0,0,0,0,0,0,0,0,2,217,3747,1,1,1,80.5
0,0,0,0,0,0,0,0,0,0,0,0,0,0,0,1,1,658,658,0,1,1,203
1,0,0,0,0,1,0,0,0,0,0,0,0,0,0,0,1,2464,2464,0,0,0,34.5
1,0,0,0,0,0,0,0,0,0,0,1,0,0,0,0,1,2960,3103,0,0,1,159.69
1,0,0,0,0,0,0,0,0,0,0,0,1,0,0,0,3,3433,3471,1,1,0,98.59
1,0,0,1,0,0,0,0,0,0,0,0,0,0,0,0,2,3390,3390,0,0,1,98.36
1,0,0,0,0,0,0,0,0,1,0,0,0,0,0,0,2,2142,3572,0,1,0,68.07
1,1,0,0,0,0,0,0,0,0,0,0,0,0,0,0,1,2873,3944,1,1,1,128.03
1,0,1,0,0,0,0,0,0,0,0,0,0,0,0,0,2,1995,2010,1,0,1,117.06
1,0,0,0,1,0,0,0,0,0,0,0,0,0,0,0,1,3461,3461,1,1,0,198.21
1,1,0,0,0,0,0,0,0,0,0,0,0,0,0,0,5,1240,3620,0,1,0,271.07
0,1,0,0,0,0,0,0,0,0,0,0,0,0,0,0,3,1498,2758,0,1,1,161.56
1,1,0,0,0,0,0,0,0,0,0,0,0,0,0,0,1,2955,2955,1,0,1,183.5
1,0,0,0,0,0,0,0,0,0,0,0,0,0,0,1,1,751,751,0,1,0,43
1,0,0,0,0,1,0,0,0,0,0,0,0,0,0,0,1,2481,2481,1,1,0,129.5
1,0,0,0,1,0,0,0,0,0,0,0,0,0,0,0,2,3791,3791,0,0,0,197.55
0,0,0,0,0,1,0,0,0,0,0,0,0,0,0,0,1,2599,2599,1,0,0,149
1,1,0,0,0,0,0,0,0,0,0,0,0,0,0,0,2,1135,2121,1,1,0,281
0,0,0,0,0,0,0,0,0,1,0,0,0,0,0,0,1,4036,4036,0,1,1,129.27
1,0,0,1,0,0,0,0,0,0,0,0,0,0,0,0,5,520,3472,0,0,0,456.45
0,0,0,0,0,0,0,0,0,0,0,0,0,0,0,0,2,3552,3552,1,1,0,45.07
1,0,0,0,0,1,0,0,0,0,0,0,0,0,0,0,1,567,567,1,1,1,139
1,0,0,0,0,0,0,0,0,0,0,0,0,0,0,1,1,167,167,1,0,0,43
1,0,0,0,0,0,0,0,0,0,0,0,0,0,0,1,2,619,1416,1,1,1,43.06
0,0,0,0,0,0,0,0,0,0,0,0,0,0,0,1,1,717,717,1,1,0,40
1,0,0,0,0,0,0,0,0,0,0,0,1,0,0,0,2,1149,3094,1,0,0,410.5
1,0,0,0,0,1,0,0,0,0,0,0,0,0,0,0,1,2213,2213,0,0,0,64.95
1,1,0,0,0,0,0,0,0,0,0,0,0,0,0,0,2,3405,3405,1,1,0,228.74
1,0,0,0,0,0,0,0,0,0,0,0,0,0,0,1,1,1647,1647,1,1,0,266.5
1,1,0,0,0,0,0,0,0,0,0,0,0,0,0,0,2,3374,3375,1,1,0,33.55
1,0,0,0,0,0,0,0,0,0,0,0,0,0,1,0,1,2305,2305,0,0,0,160.5
1,0,0,0,0,0,0,0,0,0,0,0,1,0,0,0,1,2856,2856,1,1,0,129.5
1,0,0,0,0,0,0,1,0,0,0,0,0,0,0,0,1,3600,3746,0,0,1,167.07
1,0,0,0,0,1,0,0,0,0,0,0,0,0,0,0,4,519,2539,0,1,0,421.5
1,0,0,0,0,0,0,0,0,1,0,0,0,0,0,0,1,3052,3052,1,0,0,48.5
1,1,0,0,0,0,0,0,0,0,0,0,0,0,0,0,2,2456,3327,1,0,0,265.5
1,0,0,0,0,0,0,0,0,0,0,0,1,0,0,0,2,3615,3615,0,0,0,270.02
0,0,0,0,0,0,0,0,0,0,0,0,0,0,0,1,1,976,976,1,0,0,54
1,0,0,0,0,0,0,0,0,0,0,0,0,0,1,0,1,469,469,0,0,1,163
1,0,0,1,0,0,0,0,0,0,0,0,0,0,0,0,3,3405,3675,0,0,0,130.69
1,0,0,0,0,0,0,0,0,0,0,0,0,0,0,1,2,757,855,0,1,0,163
1,0,0,0,0,0,0,0,0,0,0,0,1,0,0,0,6,79,3664,0,0,0,414.92
1,0,0,0,0,0,0,0,0,0,0,0,0,0,0,1,1,861,861,1,1,0,65
0,1,0,0,0,0,0,0,0,0,0,0,0,0,0,0,1,3552,3552,1,1,0,100
1,0,0,0,0,0,0,0,0,0,0,0,1,0,0,0,1,1836,1836,1,1,0,39.5
1,0,0,0,0,0,0,0,0,0,0,0,0,1,0,0,1,3615,3615,1,0,0,43
0,0,0,0,0,0,0,0,0,0,0,0,1,0,0,0,1,3304,3304,0,0,0,140
1,1,0,0,0,0,0,0,0,0,0,0,0,0,0,0,3,3387,3390,1,1,0,203.27
0,0,0,0,0,0,0,0,0,0,0,0,0,0,0,1,1,2551,2551,0,1,0,282
1,0,0,0,0,1,0,0,0,0,0,0,0,0,0,0,1,2681,2735,1,1,0,129.5
1,1,0,0,0,0,0,0,0,0,0,0,0,0,0,0,1,2996,2996,1,0,0,33.5
1,1,0,0,0,0,0,0,0,0,0,0,0,0,0,0,3,1031,3852,1,0,1,213.86
1,0,0,0,0,1,0,0,0,0,0,0,0,0,0,0,1,2530,2530,0,1,0,129.5
1,1,0,0,0,0,0,0,0,0,0,0,0,0,0,0,3,2934,2978,0,0,0,159.5
1,0,0,0,1,0,0,0,0,0,0,0,0,0,0,0,2,3768,3768,1,0,0,198.1
1,0,0,0,0,0,0,0,0,0,0,0,0,0,0,1,1,574,574,1,1,0,495
0,0,0,0,0,1,0,0,0,0,0,0,0,0,0,0,4,1521,1725,1,1,1,20.08
1,0,0,0,1,0,0,0,0,0,0,0,0,0,0,0,5,463,3649,1,1,0,401.5
1,1,0,0,0,0,0,0,0,0,0,0,0,0,0,0,3,2348,3388,1,0,0,206.53
0,0,0,0,0,0,0,0,0,0,0,0,0,0,0,1,1,115,115,0,0,0,164
0,0,0,0,0,0,0,0,0,0,0,0,1,0,0,0,2,1197,1253,1,0,0,212.5
0,0,0,0,0,0,0,0,0,0,0,0,0,0,0,1,2,987,995,0,1,1,58.06
0,0,0,0,0,1,0,0,0,0,0,0,0,0,0,0,1,2891,2905,1,1,1,272.9
1,1,0,0,0,0,0,0,0,0,0,0,0,0,0,0,3,3724,3760,1,0,0,37.94
1,0,0,0,1,0,0,0,0,0,0,0,0,0,0,0,1,3024,3024,1,1,0,128.5
1,0,0,0,0,0,0,0,0,1,0,0,0,0,0,0,1,2912,2912,1,1,0,160.5
0,0,0,1,0,0,0,0,0,0,0,0,0,0,0,0,2,3642,3642,1,1,0,125.02
1,0,0,0,0,0,0,0,0,0,0,0,0,0,0,1,2,1240,2481,1,0,0,371
0,0,0,0,0,0,0,0,0,0,0,0,0,0,0,1,1,973,973,1,0,1,242.5
1,1,0,0,0,0,0,0,0,0,0,0,0,0,0,0,3,216,2081,1,1,0,359.5
1,0,0,0,0,1,0,0,0,0,0,0,0,0,0,0,1,2583,2583,0,1,0,55.22
1,0,0,0,0,0,0,0,0,0,0,0,0,0,0,1,3,463,616,1,0,1,302
1,0,0,1,0,0,0,0,0,0,0,0,0,0,0,0,3,3376,3391,0,0,1,131.76
1,1,0,0,0,0,0,0,0,0,0,0,0,0,0,0,1,2289,2289,1,0,0,229.5
1,0,0,1,0,0,0,0,0,0,0,0,0,0,0,0,1,3464,3464,1,0,0,38
1,0,0,0,1,0,0,0,0,0,0,0,0,0,0,0,2,2831,2837,0,0,0,99.57
0,0,0,0,0,1,0,0,0,0,0,0,0,0,0,0,1,822,822,1,1,0,55.95
1,0,0,1,0,0,0,0,0,0,0,0,0,0,0,0,1,2831,2831,1,1,0,159.5
1,1,0,0,0,0,0,0,0,0,0,0,0,0,0,0,1,2578,2578,1,0,0,160.5
1,0,0,0,1,0,0,0,0,0,0,0,0,0,0,0,3,1206,2313,0,1,0,194.57
1,0,0,0,0,0,0,0,0,0,0,0,0,0,0,1,2,835,1086,1,1,0,99.45
0,0,1,0,0,0,0,0,0,0,0,0,0,0,0,0,2,2233,2758,0,0,0,189
1,1,0,0,0,0,0,0,0,0,0,0,0,0,0,0,2,3709,3709,1,1,0,198.23
1,1,0,0,0,0,0,0,0,0,0,0,0,0,0,0,2,3704,3704,1,1,0,326.11
1,0,0,0,0,0,0,0,0,1,0,0,0,0,0,0,1,3241,3241,1,0,0,47.98
1,0,0,0,1,0,0,0,0,0,0,0,0,0,0,0,1,3243,3243,0,1,0,182.82
1,0,0,0,0,1,0,0,0,0,0,0,0,0,0,0,1,2278,2278,0,0,0,53.5
1,0,1,0,0,0,0,0,0,0,0,0,0,0,0,0,3,1836,4096,0,0,0,179
1,1,0,0,0,0,0,0,0,0,0,0,0,0,0,0,1,2074,2074,0,1,0,129.5
0,0,0,0,0,0,0,0,0,0,0,0,1,0,0,0,1,640,640,1,1,0,58
0,0,0,0,0,0,0,0,0,0,0,0,0,0,0,1,3,1646,1717,0,0,1,98.08
1,0,0,0,0,0,0,0,0,0,0,0,1,0,0,0,2,1868,2185,1,0,0,49
1,0,0,0,0,1,0,0,0,0,0,0,0,0,0,0,1,2467,2467,1,0,0,135.5
0,0,0,0,0,0,0,0,0,1,0,0,0,0,0,0,3,1722,1745,0,0,1,439.01
1,0,0,0,1,0,0,0,0,0,0,0,0,0,0,0,1,3265,3265,0,1,0,97.98
1,1,0,0,0,0,0,0,0,0,0,0,0,0,0,0,2,3684,3684,1,1,0,69.02
1,0,0,0,0,1,0,0,0,0,0,0,0,0,0,0,1,2618,2618,0,0,0,129.5
1,0,0,0,0,1,0,0,0,0,0,0,0,0,0,0,2,1226,1240,0,0,1,39.56
1,0,0,0,1,0,0,0,0,0,0,0,0,0,0,0,2,2375,2422,0,1,1,318.07
1,0,0,0,0,0,0,1,0,0,0,0,0,0,0,0,5,90,3747,0,0,0,399.03
1,1,0,0,0,0,0,0,0,0,0,0,0,0,0,0,1,3311,3311,0,0,0,68
1,0,0,0,0,0,0,0,0,0,0,0,1,0,0,0,1,2962,3157,1,1,0,181
1,0,0,0,1,0,0,0,0,0,0,0,0,0,0,0,1,2310,2310,1,0,0,135.5
1,0,0,0,0,0,0,0,0,0,0,0,1,0,0,0,4,245,2607,1,0,0,654.5
1,0,0,0,0,0,0,0,0,0,0,0,0,0,0,1,4,77,1169,0,0,1,406.95
1,0,0,0,0,0,0,0,0,0,0,0,1,0,0,0,1,2690,2690,1,0,0,163
1,1,0,0,0,0,0,0,0,0,0,0,0,0,0,0,1,2829,2829,0,0,1,184.5
1,0,0,0,0,0,0,0,0,1,0,0,0,0,0,0,1,2499,2499,1,0,0,84.5
1,0,0,0,0,0,0,0,0,0,0,0,0,0,0,1,2,1863,2186,1,0,0,136
1,0,0,0,0,0,0,0,1,0,0,0,0,0,0,0,3,1400,1746,1,0,1,63.06
1,0,0,0,0,0,0,0,0,1,0,0,0,0,0,0,1,3611,3914,0,0,0,173
1,0,0,0,0,0,0,0,0,0,0,0,1,0,0,0,1,4036,4036,1,1,1,97.48
0,0,0,0,0,0,0,0,0,0,0,0,1,0,0,0,5,1143,2607,1,0,0,1123
1,0,0,0,0,1,0,0,0,0,0,0,0,0,0,0,1,2807,2807,0,0,1,59.5
1,0,0,0,0,0,0,0,0,0,0,0,0,0,0,1,1,1584,1584,0,1,0,139.5
0,0,0,0,0,0,0,0,0,0,0,0,0,0,0,1,1,1087,1087,1,1,0,263
1,0,0,0,0,0,0,0,0,0,0,0,1,0,0,0,4,1856,2564,0,1,0,141.44
0,0,0,0,0,0,0,0,0,0,0,0,1,0,0,0,1,2996,2996,0,0,0,150
1,1,0,0,0,0,0,0,0,0,0,0,0,0,0,0,1,4188,4188,0,0,0,127.22
1,0,0,0,0,0,0,0,0,0,0,0,0,0,0,1,2,1646,1709,0,0,1,166.56
0,0,0,0,0,1,0,0,0,0,0,0,0,0,0,0,3,2682,2859,0,1,0,429.07
1,0,0,0,0,0,0,0,0,0,1,0,0,0,0,0,5,2045,2508,1,1,1,186.56
0,0,0,0,0,0,0,0,0,0,0,0,0,0,0,1,1,71,71,1,1,0,54.95
1,0,0,0,0,0,0,0,0,0,0,0,0,0,0,1,1,164,164,0,0,0,134.81
1,0,0,0,0,0,0,0,0,0,0,0,1,0,0,0,2,1823,1869,0,1,0,75
1,1,0,0,0,0,0,0,0,0,0,0,0,0,0,0,2,2080,2108,1,1,1,160.56
0,0,0,0,0,1,0,0,0,0,0,0,0,0,0,0,1,2466,2632,0,0,0,274
1,0,0,0,0,0,0,0,0,1,0,0,0,0,0,0,3,1976,2834,1,0,0,67
1,1,0,0,0,0,0,0,0,0,0,0,0,0,0,0,1,2128,3013,1,0,0,79.5
1,1,0,0,0,0,0,0,0,0,0,0,0,0,0,0,1,1128,3382,0,1,0,152.57
1,0,0,0,0,0,0,0,0,0,0,0,0,0,0,1,2,1563,1568,0,0,0,462.5
1,0,0,0,0,0,0,0,0,1,0,0,0,0,0,0,1,2936,2936,1,0,0,66.17
1,1,0,0,0,0,0,0,0,0,0,0,0,0,0,0,1,4005,4005,1,1,0,67.9
1,0,0,0,0,1,0,0,0,0,0,0,0,0,0,0,2,1382,2402,1,1,0,159
1,0,0,0,0,0,1,0,0,0,0,0,0,0,0,0,1,260,260,0,0,0,148
1,0,0,0,0,0,0,0,0,0,0,0,0,0,0,1,1,526,526,1,0,0,279.85
1,0,0,1,0,0,0,0,0,0,0,0,0,0,0,0,1,3360,3694,0,0,1,247
1,0,0,0,0,0,0,0,0,1,0,0,0,0,0,0,1,2327,2327,1,1,0,418
1,0,0,0,0,0,0,0,0,0,1,0,0,0,0,0,2,1115,2005,1,0,0,390
1,0,0,0,0,1,0,0,0,0,0,0,0,0,0,0,1,2408,2408,0,1,0,129.5
1,0,0,0,0,0,0,0,0,0,0,0,0,0,0,1,1,1128,1128,0,0,1,43.5
1,0,0,0,0,0,0,0,0,0,0,0,1,0,0,0,2,1123,1242,1,0,0,398.5
1,0,0,0,0,0,0,0,0,0,0,0,0,0,0,1,2,1823,1849,0,0,0,229.55
0,0,0,0,0,0,0,0,0,0,0,0,0,0,0,1,1,617,617,0,1,0,178
1,0,0,0,0,0,0,0,0,0,0,0,0,0,0,1,1,416,416,1,1,0,40
1,0,0,0,0,0,0,0,0,0,0,0,0,0,0,1,2,434,463,1,0,0,184
1,0,0,1,0,0,0,0,0,0,0,0,0,0,0,0,1,3306,3306,0,1,0,68
1,0,1,0,0,0,0,0,0,0,0,0,0,0,0,0,1,3125,3125,1,1,0,133.5
1,0,0,0,0,0,0,0,0,1,0,0,0,0,0,0,7,1710,3668,1,0,1,212.97
1,0,0,0,0,1,0,0,0,0,0,0,0,0,0,0,1,2746,2746,1,1,0,411
0,0,0,0,0,0,0,0,0,0,0,0,1,0,0,0,2,3579,3579,1,1,0,107.07
1,1,0,0,0,0,0,0,0,0,0,0,0,0,0,0,2,3646,3646,0,1,0,127.71
0,0,0,0,0,0,0,0,0,0,0,0,0,0,0,1,1,1850,1850,1,0,0,136
1,0,0,0,0,0,0,0,0,0,1,0,0,0,0,0,1,3177,3177,0,1,0,10
1,1,0,0,0,0,0,0,0,0,0,0,0,0,0,0,5,1577,2081,1,0,1,587.61
1,0,0,0,0,1,0,0,0,0,0,0,0,0,0,0,1,2787,2787,0,0,0,3.6
1,0,0,0,0,0,1,0,0,0,0,0,0,0,0,0,1,920,920,0,1,1,140.5
1,0,0,0,0,1,0,0,0,0,0,0,0,0,0,0,1,2417,2417,0,0,0,84.5
1,0,0,0,0,0,0,0,0,0,0,0,1,0,0,0,2,2284,2634,0,1,1,251
1,0,0,0,0,0,0,1,0,0,0,0,0,0,0,0,1,3583,3747,1,0,0,42.53
1,0,1,0,0,0,0,0,0,0,0,0,0,0,0,0,9,216,4065,1,0,1,378.18
1,0,0,0,0,1,0,0,0,0,0,0,0,0,0,0,2,962,2943,1,1,0,206.07
1,0,0,0,0,0,0,0,0,0,1,0,0,0,0,0,1,2446,2478,0,0,1,99.5
1,0,0,0,0,0,0,0,0,0,0,0,0,0,0,1,1,1877,1877,1,1,0,55.72
1,0,0,0,0,0,0,0,0,0,0,1,0,0,0,0,1,3222,3222,1,1,0,33.5
1,0,0,0,0,0,0,0,0,1,0,0,0,0,0,0,2,1618,1653,0,1,1,3.21
1,0,0,0,1,0,0,0,0,0,0,0,0,0,0,0,1,3243,3243,1,0,0,252.21
1,0,0,0,0,0,0,0,0,0,0,0,1,0,0,0,15,192,3207,0,0,0,1133
1,1,0,0,0,0,0,0,0,0,0,0,0,0,0,0,1,2998,2998,0,1,0,410
1,0,1,0,0,0,0,0,0,0,0,0,0,0,0,0,1,1261,1261,1,1,0,43.5
1,0,0,0,0,0,0,0,0,1,0,0,0,0,0,0,1,2634,2634,1,0,0,74
1,0,0,0,0,0,0,0,0,1,0,0,0,0,0,0,1,3229,3229,0,0,0,135.95
1,0,0,0,0,0,0,0,0,1,0,0,0,0,0,0,4,227,2915,1,1,1,508.06
0,0,0,0,0,0,0,0,0,0,0,0,1,0,0,0,2,3496,3496,0,0,0,3.19
0,0,0,0,0,0,0,0,0,0,0,1,0,0,0,0,5,644,3188,1,0,1,260.13
1,0,0,0,0,1,0,0,0,0,0,0,0,0,0,0,3,1878,2619,0,1,0,181.95
1,1,0,0,0,0,0,0,0,0,0,0,0,0,0,0,7,1130,3944,1,1,0,1054.68
1,1,0,0,0,0,0,0,0,0,0,0,0,0,0,0,2,360,2696,0,1,0,278.5
1,0,1,0,0,0,0,0,0,0,0,0,0,0,0,0,8,91,4096,0,0,0,1325.55
1,0,0,0,0,0,0,0,0,0,0,0,1,0,0,0,4,875,1536,0,1,1,197.06
1,0,0,0,0,0,0,0,0,0,0,0,0,0,1,0,1,3523,4096,1,0,1,98
1,0,0,0,0,0,0,0,0,1,0,0,0,0,0,0,1,3229,3229,1,1,0,68
1,1,0,0,0,0,0,0,0,0,0,0,0,0,0,0,2,2971,2976,1,1,0,316
1,0,0,0,0,0,0,0,0,1,0,0,0,0,0,0,1,1948,1948,1,1,0,53.5
1,0,0,0,0,0,0,0,0,0,1,0,0,0,0,0,1,3416,3416,1,1,0,10
0,0,0,0,0,0,0,0,0,0,0,0,1,0,0,0,1,4127,4127,0,0,0,34.95
1,0,0,0,0,1,0,0,0,0,0,0,0,0,0,0,2,1983,2158,1,1,0,190
1,0,0,0,0,0,0,0,0,0,0,0,1,0,0,0,2,2366,3120,1,1,0,288.17
1,0,0,0,0,0,0,0,0,1,0,0,0,0,0,0,2,2831,2865,0,1,1,160.57
1,0,0,0,1,0,0,0,0,0,0,0,0,0,0,0,2,2326,2334,1,1,0,343.07
1,0,0,0,0,0,0,0,0,0,0,0,1,0,0,0,2,470,3194,1,0,1,242
1,0,0,0,0,0,0,0,0,0,0,0,0,0,1,0,3,1658,2467,1,1,1,183.51
1,0,0,0,0,0,0,0,0,1,0,0,0,0,0,0,2,721,1484,1,0,0,83.07
1,0,0,1,0,0,0,0,0,0,0,0,0,0,0,0,2,3354,3355,1,0,0,344.7
1,1,0,0,0,0,0,0,0,0,0,0,0,0,0,0,2,2456,2576,0,1,0,220
1,0,0,0,0,0,0,0,0,1,0,0,0,0,0,0,3,2836,3143,1,1,0,506
0,0,0,0,0,0,0,0,0,0,0,0,1,0,0,0,1,2955,2955,1,1,1,172.95
0,0,0,0,0,0,0,0,0,0,0,0,1,0,0,0,1,3342,3342,0,1,0,110
0,0,0,0,0,1,0,0,0,0,0,0,0,0,0,0,2,3276,3311,1,0,0,140.07
0,0,0,0,0,0,0,0,0,1,0,0,0,0,0,0,2,1962,1976,1,0,1,138.06
1,0,0,0,0,1,0,0,0,0,0,0,0,0,0,0,2,2759,2794,0,1,0,135.57
1,0,0,0,0,0,1,0,0,0,0,0,0,0,0,0,2,744,825,0,0,1,163.06
1,0,0,0,0,0,0,0,0,0,0,0,0,1,0,0,1,4005,4005,1,0,0,43
1,0,0,0,0,1,0,0,0,0,0,0,0,0,0,0,1,2656,2656,1,1,0,129.5
1,0,0,0,0,0,0,0,0,0,1,0,0,0,0,0,1,2158,2158,1,0,0,10
1,1,0,0,0,0,0,0,0,0,0,0,0,0,0,0,1,2107,2107,1,1,0,160.5
1,0,0,0,0,0,1,0,0,0,0,0,0,0,0,0,1,960,960,0,1,0,80.5
1,0,0,0,0,0,0,0,0,0,1,0,0,0,0,0,1,3398,3398,0,1,0,10
1,1,0,0,0,0,0,0,0,0,0,0,0,0,0,0,1,2257,2257,1,0,0,129.5
1,1,0,0,0,0,0,0,0,0,0,0,0,0,0,0,1,2418,2418,1,1,1,160.5
1,1,0,0,0,0,0,0,0,0,0,0,0,0,0,0,1,3590,3590,1,1,0,227.64
1,1,0,0,0,0,0,0,0,0,0,0,0,0,0,0,9,216,3660,0,1,0,1175.96
1,1,0,0,0,0,0,0,0,0,0,0,0,0,0,0,1,2102,2102,0,1,0,53.5
1,1,0,0,0,0,0,0,0,0,0,0,0,0,0,0,3,3662,3691,1,0,0,128.36
1,0,0,0,0,0,0,0,0,0,0,0,0,0,0,1,2,1123,1135,0,1,0,42.42
1,0,0,0,0,0,0,0,0,0,0,0,1,0,0,0,2,3548,3548,1,1,1,131.48
0,0,0,0,0,0,0,0,0,0,0,0,0,0,0,1,1,1073,1073,1,0,0,104.95
1,0,0,0,0,0,0,1,0,0,0,0,0,0,0,0,1,3587,3746,1,1,0,43
1,0,0,0,0,0,0,0,0,0,0,0,1,0,0,0,1,2775,2775,0,1,0,33
1,1,0,0,0,0,0,0,0,0,0,0,0,0,0,0,3,2143,2897,1,0,1,242.38
0,0,0,1,0,0,0,0,0,0,0,0,0,0,0,0,5,1170,3405,1,0,0,597.57
1,0,0,0,0,0,0,0,0,0,0,0,1,0,0,0,2,239,560,1,1,0,1200
1,0,0,0,0,1,0,0,0,0,0,0,0,0,0,0,2,1392,1408,1,1,0,302.5
1,1,0,0,0,0,0,0,0,0,0,0,0,0,0,0,2,3340,3342,0,0,0,198.59
1,1,0,0,0,0,0,0,0,0,0,0,0,0,0,0,1,3019,3019,1,1,0,183.5
1,0,0,0,0,1,0,0,0,0,0,0,0,0,0,0,2,1646,1717,0,0,1,129.56
1,0,0,0,0,0,0,0,1,0,0,0,0,0,0,0,3,1739,1849,0,0,1,57.56
1,0,0,0,0,0,0,0,0,0,0,0,0,0,0,1,2,458,479,0,0,0,142
1,0,0,0,0,0,0,0,0,1,0,0,0,0,0,0,1,3312,3312,0,0,0,132.25
1,0,1,0,0,0,0,0,0,0,0,0,0,0,0,0,2,1226,1240,0,0,1,103.56
1,1,0,0,0,0,0,0,0,0,0,0,0,0,0,0,1,668,1926,1,1,0,84
1,0,0,1,0,0,0,0,0,0,0,0,0,0,0,0,2,3276,3340,0,0,0,127.92
1,0,0,0,1,0,0,0,0,0,0,0,0,0,0,0,3,3215,3684,0,1,0,121.69
1,1,0,0,0,0,0,0,0,0,0,0,0,0,0,0,3,834,3011,0,1,1,159.56
0,0,0,0,0,0,0,0,0,0,0,0,0,0,0,1,4,1135,1387,0,0,0,271.5
1,0,0,0,0,0,0,0,0,0,0,0,1,0,0,0,2,1123,1226,0,0,1,216.5
1,0,0,0,1,0,0,0,0,0,0,0,0,0,0,0,3,598,3251,0,1,1,5.91
1,0,1,0,0,0,0,0,0,0,0,0,0,0,0,0,2,2380,2404,1,1,0,88
1,0,0,0,0,0,0,0,0,0,0,0,0,0,1,0,1,4036,4036,1,0,0,30.12
1,0,0,0,0,0,0,0,1,0,0,0,0,0,0,0,4,841,2088,0,0,1,43.56
1,0,0,0,0,0,0,0,0,0,0,0,0,0,1,0,5,465,3791,1,1,0,296.57
0,0,0,0,0,1,0,0,0,0,0,0,0,0,0,0,3,2296,2564,1,0,0,513.75
1,0,0,0,0,0,1,0,0,0,0,0,0,0,0,0,2,3660,3660,0,1,0,33.28
1,0,0,0,1,0,0,0,0,0,0,0,0,0,0,0,2,3222,3436,1,1,0,129.57
1,0,0,0,0,0,0,0,0,0,0,0,0,0,0,1,1,714,714,0,1,0,163
1,0,0,0,0,0,0,0,0,0,0,0,1,0,0,0,2,2296,2466,0,1,0,318
0,0,0,0,0,1,0,0,0,0,0,0,0,0,0,0,5,1639,2737,1,0,0,563.07
1,0,0,0,0,0,0,0,0,0,0,1,0,0,0,0,1,2960,3194,0,1,1,159.5
1,0,0,0,0,0,0,0,0,0,0,0,0,0,0,1,1,359,359,0,0,0,43
0,0,0,0,0,0,0,0,0,0,0,0,0,0,0,1,2,519,1066,0,0,0,154
1,1,0,0,0,0,0,0,0,0,0,0,0,0,0,0,1,3914,3914,1,1,0,139
1,1,0,0,0,0,0,0,0,0,0,0,0,0,0,0,2,1570,2369,1,1,0,203
1,0,0,0,0,0,0,0,0,0,0,0,0,0,0,1,2,1073,1080,0,1,0,57.45
1,0,0,0,0,0,0,0,0,0,0,0,0,0,0,1,1,1564,1564,1,1,0,90.5
1,0,0,0,0,0,0,0,0,0,0,1,0,0,0,0,1,3243,3243,0,1,0,135.06
1,0,0,0,0,0,0,0,0,0,0,0,1,0,0,0,2,1000,3174,0,0,0,79.5
1,0,0,0,1,0,0,0,0,0,0,0,0,0,0,0,2,1899,2345,1,0,0,247.95
1,0,0,0,0,1,0,0,0,0,0,0,0,0,0,0,1,1766,1766,0,1,0,141.5
1,0,0,0,0,0,0,0,0,0,1,0,0,0,0,0,1,1288,2317,0,1,0,95
1,0,0,1,0,0,0,0,0,0,0,0,0,0,0,0,2,491,2984,1,0,1,258.5
1,1,0,0,0,0,0,0,0,0,0,0,0,0,0,0,2,2012,2046,0,0,1,34.56
1,0,0,0,0,0,0,0,0,0,0,0,1,0,0,0,2,1288,2073,1,1,0,507.5
1,0,0,0,0,0,0,0,0,0,0,0,0,0,0,1,1,962,962,0,1,0,263
1,0,0,0,0,0,0,0,0,1,0,0,0,0,0,0,1,1919,1919,1,1,0,150
0,0,0,0,0,0,0,0,0,0,0,0,1,0,0,0,1,2165,2310,1,0,0,138
1,0,0,0,1,0,0,0,0,0,0,0,0,0,0,0,3,2837,3272,0,0,1,159.57
1,0,0,0,0,0,0,0,0,0,0,0,0,0,0,1,2,1233,1246,0,1,0,80.56
1,0,0,0,0,0,0,0,0,0,0,0,1,0,0,0,2,3541,3541,1,0,1,100.93
1,1,0,0,0,0,0,0,0,0,0,0,0,0,0,0,3,939,1746,0,0,0,319.5
1,0,0,0,0,1,0,0,0,0,0,0,0,0,0,0,2,1135,1408,1,1,0,286.5
0,0,0,0,0,1,0,0,0,0,0,0,0,0,0,0,1,1708,1708,0,0,0,97.95
1,0,0,0,0,0,0,0,0,0,0,0,1,0,0,0,6,778,2219,0,1,0,577.13
1,0,0,0,1,0,0,0,0,0,0,0,0,0,0,0,2,3791,3791,1,0,1,97.55
1,0,0,0,1,0,0,0,0,0,0,0,0,0,0,0,1,3340,3340,1,1,0,97.98
1,0,0,0,0,0,0,0,0,0,0,0,0,0,0,1,1,659,659,1,1,0,188
1,0,0,0,0,1,0,0,0,0,0,0,0,0,0,0,4,1710,2982,0,0,1,144.63
0,0,0,0,0,0,0,0,0,0,0,0,0,0,0,1,1,695,695,1,0,0,58
1,0,0,0,0,0,0,0,0,0,0,0,1,0,0,0,1,3299,3299,1,1,0,69.08
0,0,0,0,0,0,0,0,0,0,0,0,1,0,0,0,1,3436,3436,0,1,0,1030
1,1,0,0,0,0,0,0,0,0,0,0,0,0,0,0,3,1415,2431,1,1,1,129.56
1,0,0,0,0,0,0,0,0,0,0,0,1,0,0,0,1,2807,2807,0,1,0,55
1,0,0,0,0,0,0,1,0,0,0,0,0,0,0,0,2,2466,3747,0,1,0,132.5
1,0,0,0,0,1,0,0,0,0,0,0,0,0,0,0,2,1136,1400,0,1,0,184.2
1,0,0,0,0,0,0,0,0,0,0,0,1,0,0,0,1,1701,1701,1,0,0,29.5
1,0,0,0,0,0,0,0,0,0,1,0,0,0,0,0,1,2633,2633,1,1,0,10

